日期,方向,結算日,ATR,停損,停利,進場價,出場原因,損益點數,淨損益(元),年份
2011-01-20,空,,101,40,152,9011,尾盤出場,5.0,20,2011
2011-01-21,多,,110,44,164,8974,停損,-44.0,-470,2011
2011-01-24,多,,109,44,164,8930,尾盤出場,14.0,110,2011
2011-01-25,多,,100,40,149,9005,尾盤出場,-36.0,-390,2011
2011-01-26,多,,103,41,154,8998,移動停利,55.0,520,2011
2011-01-27,多,,97,39,146,9086,移動停利,20.0,170,2011
2011-01-28,多,,96,38,144,9124,尾盤出場,12.0,90,2011
2011-02-08,空,,92,37,138,9170,移動停利,88.0,850,2011
2011-02-09,空,,97,39,145,9067,移動停利,16.0,130,2011
2011-02-10,空,,104,42,156,8957,移動停利,78.0,750,2011
2011-02-11,空,,122,49,183,8787,移動停利,54.0,510,2011
2011-02-15,多,,129,52,194,8644,移動停利,69.0,660,2011
2011-02-17,空,,129,52,193,8634,移動停利,25.0,220,2011
2011-02-18,多,,134,53,200,8736,移動停利,89.0,860,2011
2011-02-21,空,,136,54,204,8784,移動停利,32.0,290,2011
2011-02-22,空,,148,59,222,8653,移動停利,63.0,600,2011
2011-02-23,空,,151,61,227,8576,移動停利,28.0,250,2011
2011-02-25,空,,164,66,247,8559,移動停利,51.0,480,2011
2011-03-02,空,,160,64,240,8591,尾盤出場,-8.0,-110,2011
2011-03-03,多,,157,63,235,8685,尾盤出場,54.0,510,2011
2011-03-07,空,,135,54,203,8721,移動停利,24.0,210,2011
2011-03-08,多,,125,50,188,8716,移動停利,22.0,190,2011
2011-03-09,空,,128,51,192,8786,移動停利,68.0,650,2011
2011-03-10,空,,130,52,194,8723,尾盤出場,101.0,980,2011
2011-03-11,空,,124,50,186,8543,移動停利,40.0,370,2011
2011-03-14,空,,133,53,199,8505,移動停利,119.0,1160,2011
2011-03-15,空,,151,61,227,8475,停利,227.0,2240,2011
2011-03-16,空,是,151,60,227,8377,尾盤出場,71.0,680,2011
2011-03-18,多,,148,59,223,8307,尾盤出場,16.0,130,2011
2011-03-21,多,,151,60,226,8363,移動停利,62.0,590,2011
2011-03-22,多,,149,60,224,8449,移動停利,10.0,70,2011
2011-03-23,多,,147,59,220,8429,移動停利,61.0,580,2011
2011-03-24,多,,150,60,225,8529,尾盤出場,-2.0,-50,2011
2011-03-25,多,,151,60,226,8595,移動停利,11.0,80,2011
2011-03-28,空,,153,61,230,8563,移動停利,34.0,310,2011
2011-03-29,多,,153,61,230,8510,移動停利,38.0,350,2011
2011-03-30,多,,148,59,222,8610,移動停利,20.0,170,2011
2011-03-31,空,,144,58,216,8602,移動停利,25.0,220,2011
2011-04-01,多,,134,53,200,8658,尾盤出場,26.0,230,2011
2011-04-06,多,,110,44,165,8760,尾盤出場,78.0,750,2011
2011-04-07,多,,105,42,157,8876,尾盤出場,21.0,180,2011
2011-04-08,空,,98,39,148,8876,尾盤出場,9.0,60,2011
2011-04-11,空,,96,39,145,8852,移動停利,12.0,90,2011
2011-04-12,空,,99,39,148,8797,移動停利,71.0,680,2011
2011-04-13,多,,100,40,151,8733,尾盤出場,73.0,700,2011
2011-04-14,多,,99,40,149,8794,停損,-40.0,-430,2011
2011-04-15,空,,102,41,153,8780,尾盤出場,71.0,680,2011
2011-04-18,空,,101,40,152,8692,尾盤出場,-14.0,-170,2011
2011-04-19,空,,104,41,156,8645,移動停利,40.0,370,2011
2011-04-20,多,是,109,44,163,8712,尾盤出場,80.0,770,2011
2011-04-21,多,,119,47,178,8904,尾盤出場,85.0,820,2011
2011-04-25,空,,118,47,178,9003,移動停利,41.0,380,2011
2011-04-26,多,,114,46,171,8928,尾盤出場,41.0,380,2011
2011-04-27,多,,116,46,174,9071,尾盤出場,-13.0,-160,2011
2011-04-28,空,,116,47,174,9085,尾盤出場,68.0,650,2011
2011-04-29,空,,120,48,181,8999,移動停利,49.0,460,2011
2011-05-03,空,,122,49,182,9012,移動停利,96.0,930,2011
2011-05-04,空,,120,48,181,8889,停損,-48.0,-510,2011
2011-05-05,多,,126,50,188,8910,移動停利,115.0,1120,2011
2011-05-06,多,,122,49,183,8990,尾盤出場,21.0,180,2011
2011-05-09,多,,124,50,186,9022,移動停利,69.0,660,2011
2011-05-10,空,,118,47,177,9050,尾盤出場,5.0,20,2011
2011-05-11,空,,113,45,170,9100,移動停利,67.0,640,2011
2011-05-12,多,,107,43,161,8968,移動停利,80.0,770,2011
2011-05-13,空,,109,44,164,9005,尾盤出場,-23.0,-260,2011
2011-05-16,空,,110,44,165,8981,移動停利,21.0,180,2011
2011-05-17,空,,108,43,162,8900,移動停利,33.0,300,2011
2011-05-18,多,是,104,42,156,8930,尾盤出場,3.0,0,2011
2011-05-19,多,,112,45,168,8968,移動停利,55.0,520,2011
2011-05-20,空,,112,45,167,8877,移動停利,51.0,480,2011
2011-05-23,空,,110,44,165,8721,停損,-44.0,-470,2011
2011-05-24,空,,110,44,166,8720,移動停利,40.0,370,2011
2011-05-25,空,,106,42,159,8711,移動停利,41.0,380,2011
2011-05-26,多,,108,43,162,8771,尾盤出場,15.0,120,2011
2011-05-27,多,,106,42,159,8798,移動停利,37.0,340,2011
2011-05-30,多,,111,45,167,8765,尾盤出場,51.0,480,2011
2011-05-31,多,,119,48,179,8874,尾盤出場,142.0,1390,2011
2011-06-01,多,,117,47,176,9037,尾盤出場,49.0,460,2011
2011-06-03,空,,118,47,177,9047,移動停利,29.0,260,2011
2011-06-07,多,,121,48,181,9049,尾盤出場,39.0,360,2011
2011-06-08,空,,124,49,185,9054,移動停利,32.0,290,2011
2011-06-09,多,,113,45,169,9016,尾盤出場,13.0,100,2011
2011-06-10,空,,124,49,185,9046,移動停利,158.0,1550,2011
2011-06-13,空,,123,49,185,8772,移動停利,48.0,450,2011
2011-06-14,多,,124,50,186,8770,移動停利,49.0,460,2011
2011-06-15,空,是,126,51,189,8820,移動停利,40.0,370,2011
2011-06-16,空,,143,57,215,8525,尾盤出場,30.0,270,2011
2011-06-17,空,,145,58,217,8492,尾盤出場,30.0,270,2011
2011-06-20,空,,148,59,222,8485,尾盤出場,85.0,820,2011
2011-06-22,空,,139,56,209,8500,移動停利,64.0,610,2011
2011-06-24,空,,136,54,204,8410,移動停利,13.0,100,2011
2011-06-27,多,,138,55,207,8320,移動停利,33.0,300,2011
2011-06-28,空,,138,55,207,8369,尾盤出場,58.0,550,2011
2011-06-29,多,,147,59,220,8382,移動停利,84.0,810,2011
2011-06-30,多,,134,53,200,8476,移動停利,29.0,260,2011
2011-07-01,多,,131,52,197,8570,尾盤出場,5.0,20,2011
2011-07-04,多,,130,52,194,8638,尾盤出場,-38.0,-410,2011
2011-07-05,多,,122,49,184,8614,尾盤出場,15.0,120,2011
2011-07-06,多,,103,41,155,8636,移動停利,57.0,540,2011
2011-07-08,多,,97,39,146,8715,停損,-39.0,-420,2011
2011-07-11,空,,96,38,143,8588,尾盤出場,-13.0,-160,2011
2011-07-12,空,,101,40,152,8508,尾盤出場,86.0,830,2011
2011-07-13,空,,100,40,150,8426,停損,-40.0,-430,2011
2011-07-14,空,,106,42,159,8423,移動停利,43.0,400,2011
2011-07-15,多,,104,41,155,8496,移動停利,48.0,450,2011
2011-07-18,空,,106,42,159,8503,停損,-42.0,-450,2011
2011-07-19,多,,97,39,146,8517,尾盤出場,13.0,100,2011
2011-07-20,多,是,104,42,157,8632,尾盤出場,65.0,620,2011
2011-07-21,多,,102,41,154,8647,尾盤出場,2.0,-10,2011
2011-07-22,多,,102,41,153,8716,尾盤出場,-19.0,-220,2011
2011-07-25,空,,106,43,160,8644,移動停利,38.0,350,2011
2011-07-26,多,,110,44,164,8645,尾盤出場,92.0,890,2011
2011-07-27,多,,111,44,166,8718,尾盤出場,43.0,400,2011
2011-07-28,多,,109,43,163,8697,尾盤出場,32.0,290,2011
2011-07-29,空,,114,46,171,8692,移動停利,80.0,770,2011
2011-08-02,空,,114,46,171,8581,移動停利,26.0,230,2011
2011-08-04,空,,125,50,187,8428,移動停利,93.0,900,2011
2011-08-05,空,,156,62,234,7820,尾盤出場,57.0,540,2011
2011-08-08,空,,188,75,282,7698,移動停利,112.0,1090,2011
2011-08-09,多,,213,85,319,7235,移動停利,241.0,2380,2011
2011-08-10,多,,218,87,328,7641,尾盤出場,26.0,230,2011
2011-08-12,空,,242,97,362,7725,移動停利,141.0,1380,2011
2011-08-15,多,,249,100,374,7759,尾盤出場,66.0,630,2011
2011-08-16,空,,255,102,382,7850,移動停利,95.0,920,2011
2011-08-17,空,是,255,102,382,7755,移動停利,17.0,140,2011
2011-08-18,空,,267,107,401,7528,移動停利,33.0,300,2011
2011-08-19,空,,281,112,421,7260,尾盤出場,64.0,610,2011
2011-08-23,多,,296,118,444,7329,尾盤出場,178.0,1750,2011
2011-08-25,空,,271,109,407,7511,移動停利,65.0,620,2011
2011-08-29,多,,220,88,330,7486,移動停利,104.0,1010,2011
2011-08-30,多,,216,86,324,7603,尾盤出場,-3.0,-60,2011
2011-08-31,空,,207,83,310,7597,移動停利,21.0,180,2011
2011-09-01,多,,202,81,303,7773,移動停利,56.0,530,2011
2011-09-02,空,,192,77,288,7712,移動停利,41.0,380,2011
2011-09-05,空,,199,80,298,7515,移動停利,25.0,220,2011
2011-09-06,空,,204,82,306,7402,移動停利,44.0,410,2011
2011-09-07,多,,196,78,294,7478,尾盤出場,58.0,550,2011
2011-09-08,空,,183,73,274,7544,移動停利,47.0,440,2011
2011-09-09,多,,174,69,260,7557,移動停利,77.0,740,2011
2011-09-13,空,,172,69,258,7490,移動停利,68.0,650,2011
2011-09-14,空,,178,71,268,7392,移動停利,212.0,2090,2011
2011-09-15,多,,182,73,272,7389,移動停利,41.0,380,2011
2011-09-16,多,,188,75,281,7527,移動停利,76.0,730,2011
2011-09-19,空,,187,75,280,7566,尾盤出場,88.0,850,2011
2011-09-20,空,,193,77,290,7423,移動停利,29.0,260,2011
2011-09-22,空,,200,80,301,7330,移動停利,60.0,570,2011
2011-09-26,空,,212,85,318,7007,移動停利,64.0,610,2011
2011-09-27,多,,218,87,327,7055,尾盤出場,73.0,700,2011
2011-09-29,多,,218,87,326,7046,移動停利,112.0,1090,2011
2011-10-03,空,,211,84,317,7006,尾盤出場,-12.0,-150,2011
2011-10-04,多,,206,82,309,6916,尾盤出場,170.0,1670,2011
2011-10-05,空,,196,78,294,7035,尾盤出場,45.0,420,2011
2011-10-06,多,,195,78,292,7141,移動停利,11.0,80,2011
2011-10-07,多,,193,77,289,7250,尾盤出場,-54.0,-570,2011
2011-10-11,多,,194,78,292,7369,尾盤出場,37.0,340,2011
2011-10-12,多,,190,76,286,7384,尾盤出場,5.0,20,2011
2011-10-13,空,,176,70,264,7444,尾盤出場,50.0,470,2011
2011-10-14,空,,158,63,237,7363,尾盤出場,-9.0,-120,2011
2011-10-17,多,,152,61,228,7472,尾盤出場,-18.0,-210,2011
2011-10-18,空,,144,58,216,7348,尾盤出場,5.0,20,2011
2011-10-19,空,是,139,56,209,7342,尾盤出場,12.0,90,2011
2011-10-20,空,,136,54,204,7340,尾盤出場,126.0,1230,2011
2011-10-21,空,,135,54,202,7218,停損,-54.0,-570,2011
2011-10-24,多,,136,55,205,7405,尾盤出場,87.0,840,2011
2011-10-25,空,,124,50,186,7483,尾盤出場,14.0,110,2011
2011-10-26,多,,127,51,191,7434,尾盤出場,112.0,1090,2011
2011-10-27,多,,120,48,180,7558,尾盤出場,31.0,280,2011
2011-10-28,空,,124,49,186,7720,尾盤出場,96.0,930,2011
2011-10-31,空,,118,47,177,7641,尾盤出場,78.0,750,2011
2011-11-01,多,,124,49,185,7584,移動停利,81.0,780,2011
2011-11-02,多,,131,52,196,7496,尾盤出場,111.0,1080,2011
2011-11-03,空,,140,56,209,7544,移動停利,59.0,560,2011
2011-11-04,多,,147,59,220,7617,移動停利,28.0,250,2011
2011-11-08,多,,146,59,219,7652,停損,-59.0,-620,2011
2011-11-09,空,,143,57,214,7650,移動停利,45.0,420,2011
2011-11-10,空,,161,65,242,7416,移動停利,121.0,1180,2011
2011-11-11,多,,151,60,226,7337,移動停利,27.0,240,2011
2011-11-14,多,,162,65,242,7515,尾盤出場,28.0,250,2011
2011-11-15,空,,155,62,232,7515,尾盤出場,15.0,120,2011
2011-11-16,空,是,160,64,240,7520,移動停利,116.0,1130,2011
2011-11-17,多,,156,62,234,7335,尾盤出場,66.0,630,2011
2011-11-18,空,,158,63,237,7266,尾盤出場,24.0,210,2011
2011-11-21,空,,163,65,245,7151,移動停利,74.0,710,2011
2011-11-22,空,,160,64,239,7031,移動停利,41.0,380,2011
2011-11-23,空,,163,65,245,6952,移動停利,31.0,280,2011
2011-11-24,空,,158,63,236,6805,移動停利,20.0,170,2011
2011-11-25,空,,169,68,254,6857,移動停利,112.0,1090,2011
2011-11-28,多,,172,69,258,6912,尾盤出場,5.0,20,2011
2011-11-29,多,,171,69,257,6987,尾盤出場,-10.0,-130,2011
2011-11-30,空,,158,63,237,6932,移動停利,86.0,830,2011
2011-12-01,多,,176,70,264,7200,移動停利,31.0,280,2011
2011-12-05,空,,171,69,257,7138,移動停利,66.0,630,2011
2011-12-06,空,,172,69,257,7052,尾盤出場,73.0,700,2011
2011-12-07,空,,168,67,252,7012,尾盤出場,-40.0,-430,2011
2011-12-08,空,,166,67,250,6983,移動停利,56.0,530,2011
2011-12-09,多,,162,65,243,6825,移動停利,88.0,850,2011
2011-12-12,空,,162,65,243,6958,尾盤出場,17.0,140,2011
2011-12-13,多,,153,61,230,6874,移動停利,36.0,330,2011
2011-12-14,多,,148,59,222,6905,尾盤出場,18.0,150,2011
2011-12-15,空,,144,58,216,6833,尾盤出場,79.0,760,2011
2011-12-16,多,,136,54,204,6783,尾盤出場,-11.0,-140,2011
2011-12-19,空,,141,57,212,6667,移動停利,34.0,310,2011
2011-12-20,空,,136,54,203,6667,尾盤出場,-3.0,-60,2011
2011-12-21,多,是,131,53,197,6875,尾盤出場,78.0,750,2011
2011-12-22,多,,127,51,191,6971,尾盤出場,-15.0,-180,2011
2011-12-23,多,,131,53,197,7064,尾盤出場,46.0,430,2011
2011-12-27,空,,121,49,182,7085,移動停利,30.0,270,2011
2011-12-29,多,,108,43,162,7025,尾盤出場,49.0,460,2011
2011-12-30,空,,106,43,160,7095,移動停利,20.0,170,2011
2012-01-02,空,,108,43,161,7005,移動停利,43.0,400,2012
2012-01-03,多,,113,45,169,7029,移動停利,38.0,350,2012
2012-01-04,多,,105,42,158,7092,停損,-42.0,-450,2012
2012-01-05,多,,106,42,159,7121,尾盤出場,0.0,-30,2012
2012-01-06,空,,98,39,148,7087,尾盤出場,1.0,-20,2012
2012-01-09,空,,98,39,147,7036,停損,-39.0,-420,2012
2012-01-16,空,,90,36,135,7188,尾盤出場,97.0,940,2012
2012-01-17,多,,96,38,144,7164,尾盤出場,60.0,570,2012
2012-01-18,多,是,94,38,142,7237,停損,-38.0,-410,2012
2012-01-30,多,,104,41,156,7388,移動停利,40.0,370,2012
2012-01-31,多,,103,41,154,7448,移動停利,35.0,320,2012
2012-02-01,多,,99,40,148,7498,尾盤出場,25.0,220,2012
2012-02-02,多,,103,41,155,7632,尾盤出場,13.0,100,2012
2012-02-03,多,,102,41,153,7638,尾盤出場,2.0,-10,2012
2012-02-04,多,,106,43,160,7728,移動停利,10.0,70,2012
2012-02-06,多,,107,43,160,7718,停損,-43.0,-460,2012
2012-02-07,多,,103,41,155,7710,移動停利,20.0,170,2012
2012-02-08,多,,114,45,170,7777,尾盤出場,110.0,1070,2012
2012-02-09,多,,119,47,178,7864,移動停利,10.0,70,2012
2012-02-10,空,,116,46,174,7876,尾盤出場,10.0,70,2012
2012-02-13,多,,108,43,162,7879,尾盤出場,27.0,240,2012
2012-02-14,空,,106,42,159,7889,移動停利,62.0,590,2012
2012-02-15,多,是,112,45,167,7925,尾盤出場,80.0,770,2012
2012-02-16,空,,104,42,157,7963,尾盤出場,60.0,570,2012
2012-02-17,空,,106,43,160,7978,尾盤出場,50.0,470,2012
2012-02-21,空,,106,42,158,7937,移動停利,63.0,600,2012
2012-02-22,多,,113,45,169,7920,尾盤出場,84.0,810,2012
2012-02-24,空,,111,44,166,7945,移動停利,42.0,390,2012
2012-02-29,多,,118,47,178,8038,尾盤出場,75.0,720,2012
2012-03-01,多,,111,44,166,8143,移動停利,14.0,110,2012
2012-03-05,空,,109,44,164,8071,尾盤出場,33.0,300,2012
2012-03-06,空,,114,45,170,8012,移動停利,121.0,1180,2012
2012-03-08,空,,110,44,165,7923,移動停利,20.0,170,2012
2012-03-09,多,,106,42,159,7998,停損,-42.0,-450,2012
2012-03-12,空,,108,43,162,7974,尾盤出場,44.0,410,2012
2012-03-13,多,,109,44,164,7994,移動停利,51.0,480,2012
2012-03-15,空,,110,44,166,8114,尾盤出場,-22.0,-250,2012
2012-03-16,空,,110,44,165,8108,尾盤出場,38.0,350,2012
2012-03-19,空,,107,43,160,8097,移動停利,105.0,1020,2012
2012-03-20,空,,111,45,167,8055,尾盤出場,72.0,690,2012
2012-03-22,多,,114,46,171,8018,移動停利,57.0,540,2012
2012-03-26,空,,109,43,163,8017,尾盤出場,57.0,540,2012
2012-03-27,多,,106,42,158,8008,尾盤出場,5.0,20,2012
2012-03-29,空,,112,45,168,7983,移動停利,143.0,1400,2012
2012-03-30,多,,113,45,170,7845,尾盤出場,46.0,430,2012
2012-04-03,空,,110,44,165,7880,移動停利,124.0,1210,2012
2012-04-05,空,,124,49,185,7603,移動停利,60.0,570,2012
2012-04-06,多,,123,49,184,7646,移動停利,22.0,190,2012
2012-04-10,空,,123,49,185,7620,移動停利,21.0,180,2012
2012-04-11,多,,129,52,193,7553,尾盤出場,84.0,810,2012
2012-04-12,多,,126,51,190,7636,尾盤出場,-5.0,-80,2012
2012-04-13,多,,132,53,198,7730,移動停利,15.0,120,2012
2012-04-16,多,,126,50,189,7703,尾盤出場,9.0,60,2012
2012-04-17,空,,133,53,199,7706,移動停利,61.0,580,2012
2012-04-18,空,是,134,54,201,7661,移動停利,42.0,390,2012
2012-04-20,空,,127,51,191,7566,尾盤出場,53.0,500,2012
2012-04-23,空,,130,52,194,7475,移動停利,39.0,360,2012
2012-04-24,多,,124,49,185,7477,移動停利,37.0,340,2012
2012-04-25,多,,111,45,167,7548,尾盤出場,-8.0,-110,2012
2012-04-26,空,,113,45,170,7565,移動停利,41.0,380,2012
2012-04-30,多,,108,43,162,7455,尾盤出場,11.0,80,2012
2012-05-02,多,,113,45,170,7518,尾盤出場,155.0,1520,2012
2012-05-04,多,,109,44,163,7618,尾盤出場,50.0,470,2012
2012-05-07,空,,116,46,173,7545,尾盤出場,40.0,370,2012
2012-05-10,多,,107,43,160,7468,移動停利,28.0,250,2012
2012-05-11,空,,107,43,161,7433,尾盤出場,64.0,610,2012
2012-05-14,空,,105,42,158,7375,移動停利,28.0,250,2012
2012-05-15,多,,106,42,159,7325,尾盤出場,59.0,560,2012
2012-05-16,空,是,110,44,165,7353,尾盤出場,98.0,950,2012
2012-05-17,多,,108,43,162,7271,尾盤出場,44.0,410,2012
2012-05-18,空,,113,45,169,7151,尾盤出場,14.0,110,2012
2012-05-23,空,,110,44,165,7138,移動停利,28.0,250,2012
2012-05-24,空,,109,44,164,7148,移動停利,46.0,430,2012
2012-05-25,空,,105,42,158,7135,尾盤出場,76.0,730,2012
2012-05-28,多,,109,44,164,7078,尾盤出場,37.0,340,2012
2012-05-29,多,,118,47,177,7164,尾盤出場,133.0,1300,2012
2012-05-31,多,,122,49,182,7160,尾盤出場,59.0,560,2012
2012-06-01,空,,127,51,190,7162,尾盤出場,68.0,650,2012
2012-06-04,空,,137,55,206,6873,移動停利,21.0,180,2012
2012-06-05,多,,138,55,206,6985,停損,-55.0,-580,2012
2012-06-06,多,,139,55,208,7023,移動停利,12.0,90,2012
2012-06-08,空,,136,55,204,6975,尾盤出場,16.0,130,2012
2012-06-12,多,,143,57,215,6997,尾盤出場,25.0,220,2012
2012-06-13,多,,141,56,212,7058,停損,-56.0,-590,2012
2012-06-14,多,,138,55,208,7062,移動停利,25.0,220,2012
2012-06-15,多,,139,56,209,7073,尾盤出場,78.0,750,2012
2012-06-19,空,,130,52,195,7248,尾盤出場,-17.0,-200,2012
2012-06-20,多,是,122,49,183,7305,尾盤出場,7.0,40,2012
2012-06-21,空,,127,51,191,7145,移動停利,32.0,290,2012
2012-06-27,多,,108,43,162,6919,尾盤出場,67.0,640,2012
2012-06-28,空,,106,42,159,7013,尾盤出場,12.0,90,2012
2012-06-29,多,,104,41,155,6993,移動停利,37.0,340,2012
2012-07-02,多,,97,39,146,7134,尾盤出場,3.0,0,2012
2012-07-03,多,,103,41,154,7188,移動停利,72.0,690,2012
2012-07-04,多,,105,42,157,7272,移動停利,35.0,320,2012
2012-07-05,多,,99,40,149,7314,尾盤出場,-17.0,-200,2012
2012-07-06,多,,94,37,140,7290,停損,-37.0,-400,2012
2012-07-09,多,,96,38,144,7232,移動停利,20.0,170,2012
2012-07-10,多,,100,40,150,7263,停損,-40.0,-430,2012
2012-07-11,多,,89,36,134,7152,尾盤出場,35.0,320,2012
2012-07-12,空,,89,36,134,7166,尾盤出場,86.0,830,2012
2012-07-16,空,,91,36,136,7085,移動停利,45.0,420,2012
2012-07-17,多,,90,36,136,7053,移動停利,63.0,600,2012
2012-07-18,空,是,90,36,134,7093,尾盤出場,34.0,310,2012
2012-07-25,多,,91,36,136,6792,移動停利,100.0,970,2012
2012-07-27,多,,96,39,144,6980,尾盤出場,47.0,440,2012
2012-07-30,多,,94,37,140,7089,尾盤出場,-9.0,-120,2012
2012-07-31,多,,97,39,146,7119,尾盤出場,39.0,360,2012
2012-08-01,多,,94,38,141,7152,移動停利,40.0,370,2012
2012-08-03,空,,95,38,142,7135,尾盤出場,-6.0,-90,2012
2012-08-07,多,,96,38,144,7245,尾盤出場,-7.0,-100,2012
2012-08-09,多,,102,41,153,7373,尾盤出場,65.0,620,2012
2012-08-10,多,,102,41,152,7454,尾盤出場,-10.0,-130,2012
2012-08-14,多,,97,39,145,7493,移動停利,32.0,290,2012
2012-08-15,空,是,92,37,138,7478,移動停利,25.0,220,2012
2012-08-16,空,,92,37,138,7454,停損,-37.0,-400,2012
2012-11-05,多,,91,36,136,7200,停損,-36.0,-390,2012
2012-11-06,多,,92,37,139,7187,尾盤出場,69.0,660,2012
2012-11-07,多,,97,39,146,7236,移動停利,37.0,340,2012
2012-11-08,多,,98,39,147,7188,尾盤出場,15.0,120,2012
2012-11-09,多,,104,41,156,7144,停利,156.0,1530,2012
2012-11-12,空,,104,42,157,7262,尾盤出場,20.0,170,2012
2012-11-13,空,,106,43,159,7223,尾盤出場,130.0,1270,2012
2012-11-14,多,,107,43,160,7112,尾盤出場,17.0,140,2012
2012-11-16,多,,104,41,155,7120,移動停利,39.0,360,2012
2012-11-19,多,,101,40,152,7156,尾盤出場,-34.0,-370,2012
2012-11-21,空,是,96,39,145,7158,移動停利,87.0,840,2012
2012-11-22,空,,95,38,142,7094,尾盤出場,4.0,10,2012
2012-11-23,多,,107,43,160,7173,尾盤出場,147.0,1440,2012
2012-11-26,多,,106,42,159,7393,尾盤出場,-3.0,-60,2012
2012-11-28,多,,99,40,149,7411,尾盤出場,18.0,150,2012
2012-11-29,多,,95,38,142,7494,移動停利,14.0,110,2012
2012-11-30,多,,96,38,144,7545,尾盤出場,51.0,480,2012
2012-12-03,多,,91,37,137,7615,移動停利,12.0,90,2012
2012-12-04,空,,90,36,135,7560,停損,-36.0,-390,2012
2013-01-10,多,,89,36,134,7795,移動停利,31.0,280,2013
2013-01-14,多,,91,36,136,7766,尾盤出場,57.0,540,2013
2013-01-15,空,,93,37,139,7777,尾盤出場,30.0,270,2013
2013-01-17,空,,94,38,142,7700,尾盤出場,88.0,850,2013
2013-01-18,多,,96,39,145,7712,尾盤出場,1.0,-20,2013
2013-01-21,多,,97,39,146,7690,停損,-39.0,-420,2013
2013-01-22,空,,95,38,142,7719,移動停利,27.0,240,2013
2013-01-23,空,,95,38,143,7763,尾盤出場,40.0,370,2013
2013-01-24,空,,98,39,146,7666,移動停利,21.0,180,2013
2013-01-25,空,,98,39,147,7649,移動停利,17.0,140,2013
2013-01-28,多,,100,40,151,7682,尾盤出場,46.0,430,2013
2013-01-29,多,,100,40,151,7763,尾盤出場,47.0,440,2013
2013-01-30,多,,98,39,147,7846,停損,-39.0,-420,2013
2013-01-31,空,,98,39,147,7803,停損,-39.0,-420,2013
2013-02-01,多,,94,38,142,7872,尾盤出場,-14.0,-170,2013
2013-02-04,多,,94,38,141,7894,尾盤出場,43.0,400,2013
2013-02-05,多,,94,38,141,7898,尾盤出場,2.0,-10,2013
2013-06-04,空,,96,38,143,8203,移動停利,33.0,300,2013
2013-06-05,多,,91,36,136,8157,移動停利,19.0,160,2013
2013-06-06,空,,94,38,141,8080,尾盤出場,-20.0,-230,2013
2013-06-07,空,,94,38,141,8077,尾盤出場,-10.0,-130,2013
2013-06-10,多,,95,38,143,8154,移動停利,11.0,80,2013
2013-06-11,空,,95,38,142,8121,尾盤出場,-3.0,-60,2013
2013-06-13,空,,96,38,143,8033,尾盤出場,100.0,970,2013
2013-06-14,空,,94,38,141,7963,尾盤出場,41.0,380,2013
2013-06-17,多,,92,37,139,7945,尾盤出場,28.0,250,2013
2013-06-18,多,,95,38,142,7982,尾盤出場,16.0,130,2013
2013-06-20,空,,104,42,156,7777,尾盤出場,26.0,230,2013
2013-06-24,多,,100,40,151,7636,尾盤出場,-6.0,-90,2013
2013-06-25,空,,102,41,153,7600,停損,-41.0,-440,2013
2013-06-28,多,,111,44,166,7765,尾盤出場,67.0,640,2013
2013-07-01,多,,112,45,167,7843,尾盤出場,60.0,570,2013
2013-07-03,空,,104,42,156,7876,尾盤出場,64.0,610,2013
2013-07-04,空,,103,41,154,7838,移動停利,16.0,130,2013
2013-07-05,多,,108,43,162,7893,尾盤出場,71.0,680,2013
2013-07-08,空,,113,45,169,7943,尾盤出場,114.0,1110,2013
2013-07-09,多,,117,47,175,7855,移動停利,45.0,420,2013
2013-07-10,空,,104,42,156,7933,尾盤出場,-26.0,-290,2013
2013-07-11,多,,107,43,161,8114,尾盤出場,51.0,480,2013
2013-07-12,多,,106,43,159,8168,尾盤出場,15.0,120,2013
2013-07-15,多,,106,43,159,8158,移動停利,60.0,570,2013
2013-07-16,多,,103,41,155,8230,尾盤出場,1.0,-20,2013
2013-07-17,多,是,99,40,149,8228,尾盤出場,14.0,110,2013
2013-07-18,空,,100,40,150,8137,尾盤出場,34.0,310,2013
2013-07-19,空,,103,41,154,8044,移動停利,43.0,400,2013
2013-07-23,多,,109,44,164,8087,移動停利,49.0,460,2013
2013-07-25,多,,106,42,159,8102,移動停利,36.0,330,2013
2013-07-29,空,,101,40,152,8063,尾盤出場,31.0,280,2013
2013-07-30,多,,102,41,153,8079,移動停利,46.0,430,2013
2013-07-31,空,,94,37,140,8115,尾盤出場,61.0,580,2013
2013-08-01,空,,96,38,144,8035,尾盤出場,-8.0,-110,2013
2013-08-02,多,,96,38,143,8111,移動停利,15.0,120,2013
2013-08-05,多,,99,40,148,8078,尾盤出場,21.0,180,2013
2013-08-06,空,,104,42,156,8042,尾盤出場,51.0,480,2013
2013-08-07,空,,103,41,155,7912,尾盤出場,64.0,610,2013
2013-08-08,空,,97,39,145,7857,尾盤出場,11.0,80,2013
2013-08-09,空,,95,38,143,7831,尾盤出場,6.0,30,2013
2013-08-12,多,,90,36,135,7854,尾盤出場,5.0,20,2013
2013-08-13,多,,94,38,141,7924,尾盤出場,26.0,230,2013
2013-08-14,空,,92,37,138,7943,移動停利,35.0,320,2013
2013-08-16,多,,98,39,146,7820,移動停利,48.0,450,2013
2013-08-19,多,,94,38,141,7883,尾盤出場,4.0,10,2013
2013-08-20,多,,96,39,145,7869,移動停利,31.0,280,2013
2013-08-22,多,,100,40,150,7726,尾盤出場,87.0,840,2013
2013-08-26,多,,95,38,143,7829,尾盤出場,-5.0,-80,2013
2013-08-27,空,,92,37,137,7796,尾盤出場,41.0,380,2013
2013-08-29,多,,94,37,140,7819,尾盤出場,76.0,730,2013
2013-08-30,多,,95,38,143,7908,尾盤出場,66.0,630,2013
2013-09-02,多,,96,38,144,7987,尾盤出場,31.0,280,2013
2013-09-04,空,,93,37,139,8015,停損,-37.0,-400,2013
2014-02-18,空,,90,36,135,8513,停損,-36.0,-390,2014
2014-02-20,空,,90,36,135,8521,尾盤出場,32.0,290,2014
2014-02-21,多,,92,37,139,8585,尾盤出場,5.0,20,2014
2014-07-17,空,,91,37,137,9373,移動停利,27.0,240,2014
2014-07-18,多,,91,36,136,9305,尾盤出場,35.0,320,2014
2014-07-31,空,,92,37,137,9420,尾盤出場,130.0,1270,2014
2014-08-04,多,,90,36,135,9264,尾盤出場,24.0,210,2014
2014-08-05,空,,101,40,151,9240,停利,151.0,1480,2014
2014-08-06,空,,99,40,149,9075,停損,-40.0,-430,2014
2014-08-07,空,,93,37,139,9101,移動停利,16.0,130,2014
2014-08-08,空,,94,37,141,9046,移動停利,35.0,320,2014
2014-08-12,空,,92,37,138,9122,尾盤出場,-1.0,-40,2014
2014-08-13,多,,95,38,143,9141,尾盤出場,59.0,560,2014
2014-08-14,空,,91,37,137,9227,尾盤出場,6.0,30,2014
2014-08-15,空,,90,36,135,9191,移動停利,17.0,140,2014
2014-08-18,空,,90,36,135,9202,移動停利,56.0,530,2014
2014-08-19,多,,93,37,139,9182,尾盤出場,55.0,520,2014
2014-08-22,多,,90,36,135,9284,尾盤出場,94.0,910,2014
2014-09-18,多,,93,37,140,9240,尾盤出場,1.0,-20,2014
2014-09-22,空,,100,40,150,9186,移動停利,54.0,510,2014
2014-09-24,多,,92,37,138,9117,尾盤出場,10.0,70,2014
2014-09-25,空,,99,40,149,9137,尾盤出場,110.0,1070,2014
2014-09-30,空,,97,39,146,8954,移動停利,63.0,600,2014
2014-10-01,多,,99,39,148,8947,移動停利,48.0,450,2014
2014-10-02,多,,100,40,150,8934,移動停利,66.0,630,2014
2014-10-03,多,,103,41,154,9029,尾盤出場,69.0,660,2014
2014-10-07,空,,100,40,151,9021,移動停利,24.0,210,2014
2014-10-08,多,,101,40,152,8994,移動停利,15.0,120,2014
2014-10-09,空,,104,42,156,8988,移動停利,20.0,170,2014
2014-10-13,空,,112,45,167,8787,尾盤出場,74.0,710,2014
2014-10-15,空,是,116,47,175,8726,移動停利,36.0,330,2014
2014-10-16,空,,117,47,175,8560,移動停利,34.0,310,2014
2014-10-17,空,,123,49,184,8652,移動停利,75.0,720,2014
2014-10-20,多,,131,52,196,8625,移動停利,19.0,160,2014
2014-10-21,空,,124,49,185,8635,尾盤出場,-5.0,-80,2014
2014-10-22,多,,125,50,188,8750,尾盤出場,-4.0,-70,2014
2014-10-24,空,,122,49,183,8731,移動停利,102.0,990,2014
2014-10-27,空,,125,50,187,8666,尾盤出場,23.0,200,2014
2014-10-28,多,,129,51,193,8755,尾盤出場,38.0,350,2014
2014-10-29,多,,129,52,194,8842,尾盤出場,38.0,350,2014
2014-10-30,空,,125,50,188,8870,移動停利,12.0,90,2014
2014-10-31,多,,114,46,171,8937,尾盤出場,39.0,360,2014
2014-11-03,多,,116,46,174,8985,移動停利,10.0,70,2014
2014-11-04,多,,114,45,170,9016,移動停利,19.0,160,2014
2014-11-05,空,,107,43,160,9025,移動停利,45.0,420,2014
2014-11-06,空,,102,41,153,8965,尾盤出場,61.0,580,2014
2014-11-07,空,,95,38,143,8895,停損,-38.0,-410,2014
2014-11-10,多,,103,41,154,8971,尾盤出場,103.0,1000,2014
2014-11-11,空,,98,39,146,9083,尾盤出場,22.0,190,2014
2014-11-12,空,,106,42,159,9003,尾盤出場,95.0,920,2014
2014-11-13,多,,102,41,153,8921,尾盤出場,42.0,390,2014
2014-11-14,空,,100,40,149,8946,停損,-40.0,-430,2014
2014-11-17,空,,100,40,150,8951,移動停利,59.0,560,2014
2014-11-18,空,,101,40,151,8935,移動停利,76.0,730,2014
2014-11-19,多,是,105,42,158,8910,移動停利,55.0,520,2014
2014-11-20,多,,108,43,162,9046,尾盤出場,46.0,430,2014
2014-11-25,多,,104,41,156,9117,移動停利,12.0,90,2014
2014-11-26,多,,98,39,148,9127,尾盤出場,-6.0,-90,2014
2014-11-27,多,,101,40,151,9190,移動停利,25.0,220,2014
2014-11-28,空,,92,37,138,9189,尾盤出場,9.0,60,2014
2014-12-02,空,,99,39,148,9067,移動停利,46.0,430,2014
2014-12-03,多,,106,43,160,9070,尾盤出場,137.0,1340,2014
2014-12-08,空,,96,38,144,9247,移動停利,59.0,560,2014
2014-12-10,空,,91,37,137,9086,移動停利,60.0,570,2014
2014-12-12,多,,95,38,142,9033,移動停利,16.0,130,2014
2014-12-15,多,,97,39,145,8963,尾盤出場,68.0,650,2014
2014-12-16,空,,100,40,149,8967,尾盤出場,-11.0,-140,2014
2014-12-17,空,是,102,41,154,8948,尾盤出場,104.0,1010,2014
2014-12-18,空,,106,42,159,8889,尾盤出場,30.0,270,2014
2014-12-19,多,,105,42,158,8988,移動停利,32.0,290,2014
2014-12-22,多,,103,41,154,9040,尾盤出場,56.0,530,2014
2014-12-24,多,,94,37,141,9122,尾盤出場,55.0,520,2014
2014-12-26,多,,90,36,135,9195,尾盤出場,34.0,310,2014
2015-01-06,空,,95,38,142,9127,移動停利,90.0,870,2015
2015-01-08,多,,98,39,146,9149,尾盤出場,109.0,1060,2015
2015-01-09,空,,93,37,139,9315,尾盤出場,87.0,840,2015
2015-01-13,多,,98,39,147,9210,移動停利,45.0,420,2015
2015-01-14,空,,99,40,149,9225,移動停利,54.0,510,2015
2015-01-16,空,,111,44,166,9166,移動停利,64.0,610,2015
2015-01-19,空,,119,47,178,9210,移動停利,48.0,450,2015
2015-01-20,多,,118,47,177,9224,尾盤出場,44.0,410,2015
2015-01-21,多,是,116,47,174,9299,尾盤出場,9.0,60,2015
2015-01-22,多,,120,48,179,9364,尾盤出場,24.0,210,2015
2015-01-23,多,,118,47,176,9461,尾盤出場,-1.0,-40,2015
2015-01-26,多,,104,42,156,9457,尾盤出場,9.0,60,2015
2015-01-28,多,,94,38,141,9489,尾盤出場,38.0,350,2015
2015-01-29,空,,93,37,139,9488,尾盤出場,60.0,570,2015
2015-01-30,空,,93,37,140,9456,移動停利,32.0,290,2015
2015-02-02,多,,89,36,134,9406,尾盤出場,15.0,120,2015
2015-04-16,多,,90,36,135,9567,尾盤出場,79.0,760,2015
2015-04-23,多,,99,40,148,9689,停利,148.0,1450,2015
2015-04-24,多,,102,41,152,9894,移動停利,86.0,830,2015
2015-04-27,多,,106,42,159,9992,尾盤出場,27.0,240,2015
2015-04-28,空,,106,42,158,9995,尾盤出場,4.0,10,2015
2015-04-29,多,,108,43,161,9992,移動停利,10.0,70,2015
2015-04-30,空,,106,42,159,9888,移動停利,10.0,70,2015
2015-05-04,空,,109,43,163,9888,移動停利,44.0,410,2015
2015-05-05,空,,110,44,166,9857,移動停利,23.0,200,2015
2015-05-06,多,,107,43,161,9803,尾盤出場,43.0,400,2015
2015-05-07,空,,105,42,158,9780,尾盤出場,28.0,250,2015
2015-05-08,空,,105,42,157,9763,尾盤出場,50.0,470,2015
2015-05-11,空,,110,44,165,9794,尾盤出場,75.0,720,2015
2015-05-13,多,,110,44,165,9738,移動停利,18.0,150,2015
2015-05-14,空,,103,41,154,9711,尾盤出場,107.0,1040,2015
2015-05-15,空,,99,39,148,9616,尾盤出場,40.0,370,2015
2015-05-19,多,,99,40,148,9624,尾盤出場,81.0,780,2015
2015-05-20,多,是,94,38,141,9717,停損,-38.0,-410,2015
2015-05-21,空,,100,40,150,9572,尾盤出場,28.0,250,2015
2015-05-22,多,,101,41,152,9574,尾盤出場,54.0,510,2015
2015-05-25,空,,103,41,154,9585,移動停利,15.0,120,2015
2015-05-27,多,,104,41,155,9636,移動停利,24.0,210,2015
2015-05-29,空,,99,40,149,9717,尾盤出場,14.0,110,2015
2015-06-01,空,,102,41,153,9655,停損,-41.0,-440,2015
2015-06-03,空,,99,40,149,9625,尾盤出場,77.0,740,2015
2015-06-04,空,,110,44,165,9518,停利,165.0,1620,2015
2015-06-08,空,,114,46,172,9285,移動停利,30.0,270,2015
2015-06-09,空,,120,48,180,9294,尾盤出場,61.0,580,2015
2015-06-10,多,,115,46,173,9278,移動停利,30.0,270,2015
2015-06-11,空,,116,46,173,9301,移動停利,57.0,540,2015
2015-06-12,多,,115,46,173,9279,移動停利,15.0,120,2015
2015-06-15,多,,114,45,170,9287,移動停利,11.0,80,2015
2015-06-16,空,,113,45,170,9231,移動停利,47.0,440,2015
2015-06-17,多,是,111,45,167,9224,停損,-45.0,-480,2015
2015-06-22,多,,121,48,182,9133,移動停利,50.0,470,2015
2015-06-23,多,,122,49,183,9231,移動停利,17.0,140,2015
2015-06-24,多,,118,47,177,9229,尾盤出場,17.0,140,2015
2015-06-25,多,,108,43,163,9318,移動停利,32.0,290,2015
2015-06-26,空,,106,43,160,9317,尾盤出場,-5.0,-80,2015
2015-06-29,空,,109,44,164,9160,尾盤出場,20.0,170,2015
2015-06-30,多,,106,42,158,9155,尾盤出場,58.0,550,2015
2015-07-01,多,,109,43,163,9208,移動停利,91.0,880,2015
2015-07-02,空,,106,42,158,9299,尾盤出場,19.0,160,2015
2015-07-03,空,,109,44,164,9253,移動停利,62.0,590,2015
2015-07-06,空,,111,44,166,9207,尾盤出場,-2.0,-50,2015
2015-07-07,多,,112,45,168,9283,停損,-45.0,-480,2015
2015-07-08,空,,131,52,196,9150,移動停利,132.0,1290,2015
2015-07-13,多,,133,53,199,8955,停損,-53.0,-560,2015
2015-07-14,空,,134,54,201,9015,尾盤出場,33.0,300,2015
2015-07-15,空,是,137,55,205,9040,移動停利,19.0,160,2015
2015-07-16,空,,137,55,206,8935,移動停利,15.0,120,2015
2015-07-20,空,,139,56,209,8965,移動停利,141.0,1380,2015
2015-07-21,空,,142,57,212,8852,移動停利,17.0,140,2015
2015-07-22,空,,142,57,213,8858,移動停利,43.0,400,2015
2015-07-23,空,,148,59,222,8757,移動停利,67.0,640,2015
2015-07-24,空,,146,58,219,8699,移動停利,26.0,230,2015
2015-07-27,空,,151,60,226,8622,移動停利,109.0,1060,2015
2015-07-29,空,,135,54,203,8525,移動停利,65.0,620,2015
2015-07-30,多,,130,52,195,8530,移動停利,82.0,790,2015
2015-07-31,空,,128,51,192,8585,移動停利,53.0,500,2015
2015-08-03,空,,133,53,199,8501,移動停利,81.0,780,2015
2015-08-04,多,,136,54,204,8524,停損,-54.0,-570,2015
2015-08-05,多,,134,53,201,8504,移動停利,23.0,200,2015
2015-08-06,空,,144,58,217,8540,移動停利,88.0,850,2015
2015-08-10,多,,136,54,204,8409,停損,-54.0,-570,2015
2015-08-11,空,,140,56,210,8498,尾盤出場,134.0,1310,2015
2015-08-12,空,,139,56,209,8345,移動停利,42.0,390,2015
2015-08-14,多,,130,52,195,8294,尾盤出場,34.0,310,2015
2015-08-17,空,,130,52,194,8292,移動停利,49.0,460,2015
2015-08-18,空,,130,52,195,8234,尾盤出場,64.0,610,2015
2015-08-19,空,是,133,53,199,8152,尾盤出場,149.0,1460,2015
2015-08-21,空,,140,56,211,7835,尾盤出場,91.0,880,2015
2015-08-24,空,,183,73,275,7608,停利,275.0,2720,2015
2015-08-25,多,,197,79,295,7420,尾盤出場,149.0,1460,2015
2015-08-26,多,,199,80,299,7548,停損,-80.0,-830,2015
2015-08-27,多,,200,80,300,7672,移動停利,37.0,340,2015
2015-08-28,多,,208,83,311,7833,移動停利,49.0,460,2015
2015-08-31,多,,210,84,315,7843,尾盤出場,131.0,1280,2015
2015-09-01,空,,211,85,317,7874,移動停利,52.0,490,2015
2015-09-02,多,,222,89,333,7795,移動停利,182.0,1790,2015
2015-09-04,多,,230,92,345,7941,移動停利,78.0,750,2015
2015-09-07,多,,234,94,351,7890,移動停利,98.0,950,2015
2015-09-08,多,,228,91,341,7931,尾盤出場,40.0,370,2015
2015-09-09,多,,244,97,365,8147,尾盤出場,186.0,1830,2015
2015-09-10,多,,237,95,355,8254,尾盤出場,13.0,100,2015
2015-09-11,多,,191,76,286,8230,移動停利,45.0,420,2015
2015-09-14,空,,179,72,269,8293,移動停利,63.0,600,2015
2015-09-15,空,,169,68,254,8292,移動停利,42.0,390,2015
2015-09-16,多,是,169,68,254,8319,移動停利,19.0,160,2015
2015-09-17,多,,165,66,247,8385,移動停利,73.0,700,2015
2015-09-18,多,,154,61,230,8438,尾盤出場,0.0,-30,2015
2015-09-21,空,,156,62,234,8316,移動停利,63.0,600,2015
2015-09-22,多,,144,58,217,8308,尾盤出場,22.0,190,2015
2015-09-23,空,,149,60,224,8212,移動停利,57.0,540,2015
2015-09-24,空,,149,60,224,8180,移動停利,113.0,1100,2015
2015-09-25,空,,146,58,219,8113,移動停利,60.0,570,2015
2015-09-30,多,,153,61,230,8016,移動停利,133.0,1300,2015
2015-10-01,多,,142,57,213,8176,移動停利,134.0,1310,2015
2015-10-02,多,,137,55,205,8288,移動停利,11.0,80,2015
2015-10-06,空,,138,55,208,8405,尾盤出場,35.0,320,2015
2015-10-07,多,,141,56,212,8385,尾盤出場,106.0,1030,2015
2015-10-08,空,,141,56,212,8517,尾盤出場,74.0,710,2015
2015-10-12,多,,140,56,210,8498,移動停利,62.0,590,2015
2015-10-13,多,,139,56,208,8557,尾盤出場,3.0,0,2015
2015-10-14,空,,129,51,193,8508,尾盤出場,-14.0,-170,2015
2015-10-15,多,,134,54,202,8600,移動停利,48.0,450,2015
2015-10-16,空,,124,50,187,8586,尾盤出場,-22.0,-250,2015
2015-10-20,多,,112,45,168,8652,尾盤出場,8.0,50,2015
2015-10-21,空,是,106,43,159,8687,移動停利,74.0,710,2015
2015-10-22,多,,96,38,144,8588,移動停利,25.0,220,2015
2015-10-26,多,,100,40,150,8738,尾盤出場,-5.0,-80,2015
2015-10-27,多,,96,38,144,8725,停損,-38.0,-410,2015
2015-10-28,多,,93,37,139,8688,停損,-37.0,-400,2015
2015-10-29,空,,94,38,141,8669,移動停利,83.0,800,2015
2015-10-30,多,,92,37,139,8578,尾盤出場,-9.0,-120,2015
2015-11-02,多,,95,38,142,8549,尾盤出場,39.0,360,2015
2015-11-03,多,,102,41,152,8670,移動停利,48.0,450,2015
2015-11-04,多,,104,41,155,8793,移動停利,87.0,840,2015
2015-11-06,空,,114,46,171,8844,停利,171.0,1680,2015
2015-11-10,空,,123,49,184,8556,尾盤出場,22.0,190,2015
2015-11-11,空,,131,52,196,8505,移動停利,80.0,770,2015
2015-11-12,多,,127,51,191,8416,尾盤出場,44.0,410,2015
2015-11-13,多,,133,53,199,8393,移動停利,59.0,560,2015
2015-11-17,多,,145,58,217,8422,移動停利,47.0,440,2015
2015-11-18,空,是,144,57,215,8426,移動停利,52.0,490,2015
2015-11-19,空,,145,58,218,8361,移動停利,18.0,150,2015
2015-11-20,多,,144,58,216,8441,移動停利,14.0,110,2015
2015-11-24,空,,137,55,205,8446,移動停利,64.0,610,2015
2015-11-25,空,,139,56,208,8390,移動停利,45.0,420,2015
2015-11-26,多,,133,53,200,8447,移動停利,58.0,550,2015
2015-11-27,空,,134,53,200,8498,尾盤出場,109.0,1060,2015
2015-11-30,空,,139,55,208,8258,移動停利,17.0,140,2015
2015-12-01,多,,138,55,206,8383,尾盤出場,74.0,710,2015
2015-12-02,多,,137,55,205,8448,移動停利,42.0,390,2015
2015-12-03,多,,135,54,202,8394,移動停利,76.0,730,2015
2015-12-04,空,,135,54,203,8353,停損,-54.0,-570,2015
2015-12-07,多,,132,53,198,8509,移動停利,21.0,180,2015
2015-12-08,空,,134,54,201,8432,移動停利,94.0,910,2015
2015-12-09,空,,133,53,199,8281,尾盤出場,61.0,580,2015
2015-12-10,空,,136,54,203,8157,移動停利,36.0,330,2015
2015-12-11,空,,139,56,209,8181,移動停利,47.0,440,2015
2015-12-15,空,,138,55,207,8067,尾盤出場,3.0,0,2015
2015-12-16,多,是,138,55,207,8184,尾盤出場,14.0,110,2015
2015-12-17,多,,136,54,204,8219,尾盤出場,64.0,610,2015
2015-12-18,多,,130,52,196,8248,移動停利,51.0,480,2015
2015-12-21,多,,130,52,194,8178,尾盤出場,103.0,1000,2015
2015-12-23,多,,125,50,187,8314,移動停利,13.0,100,2015
2015-12-24,空,,121,48,182,8340,尾盤出場,23.0,200,2015
2015-12-25,多,,115,46,173,8338,尾盤出場,34.0,310,2015
2015-12-28,多,,108,43,162,8379,尾盤出場,-26.0,-290,2015
2015-12-29,空,,106,42,159,8318,移動停利,35.0,320,2015
2015-12-30,空,,105,42,157,8312,尾盤出場,54.0,510,2015
2015-12-31,多,,98,39,148,8257,尾盤出場,21.0,180,2015
2016-01-04,空,,108,43,162,8260,停利,162.0,1590,2016
2016-01-05,空,,110,44,165,8067,停損,-44.0,-470,2016
2016-01-06,空,,111,44,166,8028,移動停利,52.0,490,2016
2016-01-07,空,,119,47,178,7932,停利,178.0,1750,2016
2016-01-08,多,,121,49,182,7773,移動停利,91.0,880,2016
2016-01-11,空,,125,50,187,7721,移動停利,29.0,260,2016
2016-01-12,空,,128,51,192,7774,移動停利,23.0,200,2016
2016-01-13,多,,132,53,199,7789,移動停利,40.0,370,2016
2016-01-14,空,,140,56,210,7643,移動停利,16.0,130,2016
2016-01-15,空,,147,59,220,7779,移動停利,123.0,1200,2016
2016-01-18,多,,167,67,250,7607,移動停利,171.0,1680,2016
2016-01-19,多,,169,67,253,7812,尾盤出場,54.0,510,2016
2016-01-20,空,是,175,70,263,7783,移動停利,52.0,490,2016
2016-01-21,空,,178,71,267,7647,移動停利,25.0,220,2016
2016-01-22,空,,170,68,254,7717,移動停利,43.0,400,2016
2016-01-25,多,,170,68,256,7798,移動停利,63.0,600,2016
2016-01-27,空,,155,62,232,7840,移動停利,42.0,390,2016
2016-01-28,多,,152,61,228,7808,移動停利,75.0,720,2016
2016-01-29,多,,156,62,234,7848,移動停利,205.0,2020,2016
2016-01-30,多,,155,62,233,8129,尾盤出場,37.0,340,2016
2016-02-01,空,,152,61,228,8124,移動停利,28.0,250,2016
2016-02-03,空,,140,56,210,8019,停損,-56.0,-590,2016
2016-02-15,多,,128,51,192,7946,尾盤出場,96.0,930,2016
2016-02-16,多,,133,53,199,8096,尾盤出場,112.0,1090,2016
2016-02-18,多,,124,50,186,8293,移動停利,19.0,160,2016
2016-02-19,多,,119,47,178,8285,移動停利,13.0,100,2016
2016-02-22,多,,119,48,179,8314,移動停利,70.0,670,2016
2016-02-23,空,,117,47,176,8304,移動停利,13.0,100,2016
2016-02-24,空,,124,49,185,8297,移動停利,61.0,580,2016
2016-02-25,多,,125,50,187,8299,移動停利,56.0,530,2016
2016-03-01,多,,115,46,172,8400,尾盤出場,52.0,490,2016
2016-03-03,多,,117,47,176,8532,移動停利,54.0,510,2016
2016-03-04,多,,114,46,171,8577,尾盤出場,23.0,200,2016
2016-03-07,多,,111,44,166,8616,移動停利,49.0,460,2016
2016-03-08,空,,104,42,157,8595,移動停利,50.0,470,2016
2016-03-09,空,,106,42,159,8598,移動停利,23.0,200,2016
2016-03-10,多,,102,41,154,8636,移動停利,20.0,170,2016
2016-03-11,多,,105,42,157,8635,移動停利,23.0,200,2016
2016-03-14,多,,100,40,150,8743,移動停利,15.0,120,2016
2016-03-15,空,,108,43,162,8738,尾盤出場,136.0,1330,2016
2016-03-16,多,是,103,41,155,8650,尾盤出場,41.0,380,2016
2016-03-17,空,,104,42,156,8745,尾盤出場,50.0,470,2016
2016-03-18,多,,102,41,153,8728,移動停利,29.0,260,2016
2016-03-21,空,,102,41,153,8793,移動停利,83.0,800,2016
2016-03-22,空,,101,40,152,8749,移動停利,53.0,500,2016
2016-03-23,空,,101,40,152,8731,尾盤出場,17.0,140,2016
2016-03-24,空,,105,42,158,8673,移動停利,26.0,230,2016
2016-03-25,空,,103,41,155,8726,移動停利,29.0,260,2016
2016-03-28,空,,102,41,153,8707,移動停利,34.0,310,2016
2016-03-29,空,,106,43,159,8666,移動停利,82.0,790,2016
2016-03-30,多,,111,45,167,8648,尾盤出場,89.0,860,2016
2016-03-31,多,,113,45,170,8805,停損,-45.0,-480,2016
2016-04-01,空,,116,47,175,8651,尾盤出場,23.0,200,2016
2016-04-06,空,,117,47,175,8565,移動停利,88.0,850,2016
2016-04-08,多,,117,47,175,8410,尾盤出場,76.0,730,2016
2016-04-11,多,,119,48,178,8469,尾盤出場,45.0,420,2016
2016-04-12,多,,119,47,178,8547,移動停利,17.0,140,2016
2016-04-13,多,,121,48,182,8547,尾盤出場,89.0,860,2016
2016-04-15,多,,121,48,182,8628,移動停利,49.0,460,2016
2016-04-18,空,,121,48,182,8650,尾盤出場,6.0,30,2016
2016-04-19,空,,126,50,189,8700,移動停利,82.0,790,2016
2016-04-20,空,是,130,52,195,8656,尾盤出場,137.0,1340,2016
2016-04-21,空,,125,50,188,8494,移動停利,19.0,160,2016
2016-04-22,多,,123,49,185,8520,移動停利,20.0,170,2016
2016-04-25,空,,119,48,179,8485,停損,-48.0,-510,2016
2016-04-26,多,,114,45,170,8547,移動停利,52.0,490,2016
2016-04-27,多,,112,45,167,8560,移動停利,10.0,70,2016
2016-04-28,空,,116,47,175,8571,移動停利,35.0,320,2016
2016-04-29,空,,116,47,174,8358,移動停利,35.0,320,2016
2016-05-03,空,,116,46,174,8311,移動停利,71.0,680,2016
2016-05-04,空,,116,46,174,8228,移動停利,103.0,1000,2016
2016-05-05,空,,116,46,174,8152,移動停利,37.0,340,2016
2016-05-09,空,,114,45,170,8137,移動停利,52.0,490,2016
2016-05-10,空,,112,45,167,8094,停損,-45.0,-480,2016
2016-05-11,空,,106,42,159,8172,移動停利,71.0,680,2016
2016-05-12,多,,107,43,160,8097,移動停利,38.0,350,2016
2016-05-13,空,,109,44,164,8052,移動停利,79.0,760,2016
2016-05-16,空,,112,45,167,8006,停損,-45.0,-480,2016
2016-05-17,多,,114,46,171,8081,停損,-46.0,-490,2016
2016-05-18,多,是,115,46,173,8093,尾盤出場,55.0,520,2016
2016-05-19,空,,112,45,167,8111,移動停利,85.0,820,2016
2016-05-20,空,,111,44,166,8034,停損,-44.0,-470,2016
2016-05-23,多,,125,50,187,8123,停利,187.0,1840,2016
2016-05-24,空,,119,47,178,8321,尾盤出場,36.0,330,2016
2016-05-25,多,,122,49,182,8349,移動停利,24.0,210,2016
2016-05-26,空,,120,48,180,8385,移動停利,13.0,100,2016
2016-05-27,多,,119,48,178,8440,尾盤出場,23.0,200,2016
2016-05-30,多,,117,47,176,8486,尾盤出場,23.0,200,2016
2016-05-31,多,,116,46,174,8504,移動停利,21.0,180,2016
2016-06-01,多,,117,47,175,8499,尾盤出場,67.0,640,2016
2016-06-02,多,,114,46,171,8581,停損,-46.0,-490,2016
2016-06-03,多,,111,44,166,8564,尾盤出場,-1.0,-40,2016
2016-06-04,多,,103,41,155,8571,尾盤出場,5.0,20,2016
2016-06-06,空,,107,43,160,8572,移動停利,45.0,420,2016
2016-06-07,多,,105,42,157,8620,移動停利,44.0,410,2016
2016-06-08,多,,103,41,154,8687,移動停利,35.0,320,2016
2016-06-13,空,,96,39,145,8607,移動停利,64.0,610,2016
2016-06-14,多,,98,39,147,8509,尾盤出場,66.0,630,2016
2016-06-15,空,是,96,38,144,8551,移動停利,23.0,200,2016
2016-06-16,空,,117,47,176,8378,移動停利,111.0,1080,2016
2016-06-17,多,,122,49,183,8377,移動停利,34.0,310,2016
2016-06-21,多,,124,50,186,8467,移動停利,38.0,350,2016
2016-06-22,多,,121,49,182,8512,停損,-49.0,-520,2016
2016-06-24,空,,145,58,218,8491,停利,218.0,2150,2016
2016-06-27,多,,150,60,225,8290,尾盤出場,38.0,350,2016
2016-06-28,多,,149,60,223,8291,尾盤出場,85.0,820,2016
2016-06-29,多,,149,60,224,8415,移動停利,58.0,550,2016
2016-06-30,多,,152,61,227,8508,移動停利,14.0,110,2016
2016-07-01,多,,145,58,217,8587,尾盤出場,32.0,290,2016
2016-07-04,多,,144,57,215,8638,移動停利,21.0,180,2016
2016-07-06,空,,128,51,192,8540,尾盤出場,69.0,660,2016
2016-07-07,多,,125,50,187,8528,移動停利,23.0,200,2016
2016-07-11,多,,129,52,194,8725,尾盤出場,8.0,50,2016
2016-07-12,多,,127,51,190,8758,尾盤出場,17.0,140,2016
2016-07-14,多,,131,52,196,8800,移動停利,21.0,180,2016
2016-07-15,多,,109,44,164,8849,尾盤出場,64.0,610,2016
2016-07-18,多,,108,43,163,8939,尾盤出場,62.0,590,2016
2016-07-20,多,是,101,40,152,9019,停損,-40.0,-430,2016
2016-07-22,空,,96,38,144,8954,尾盤出場,27.0,240,2016
2016-07-25,空,,106,42,159,8966,停利,159.0,1560,2016
2016-07-26,多,,109,44,164,8910,尾盤出場,54.0,510,2016
2016-07-28,多,,104,42,156,8994,移動停利,13.0,100,2016
2016-07-29,空,,100,40,149,8991,尾盤出場,100.0,970,2016
2016-08-01,多,,106,42,159,8960,尾盤出場,80.0,770,2016
2016-08-04,空,,107,43,160,8973,移動停利,62.0,590,2016
2016-08-05,多,,108,43,161,9020,尾盤出場,38.0,350,2016
2016-08-09,多,,107,43,160,9124,尾盤出場,-5.0,-80,2016
2016-08-10,空,,106,42,159,9119,停損,-42.0,-450,2016
2016-08-11,多,,113,45,170,9128,停損,-45.0,-480,2016
2016-08-12,多,,102,41,152,9135,尾盤出場,-4.0,-70,2016
2016-08-15,多,,99,40,149,9152,停損,-40.0,-430,2016
2016-08-16,空,,100,40,150,9132,移動停利,50.0,470,2016
2016-08-17,空,是,96,39,145,9072,停損,-39.0,-420,2016
2016-08-19,多,,99,40,148,9064,停損,-40.0,-430,2016
2016-08-23,多,,98,39,147,8929,尾盤出場,54.0,510,2016
2016-08-24,空,,96,39,144,8983,移動停利,15.0,120,2016
2016-08-25,多,,98,39,148,8970,尾盤出場,100.0,970,2016
2016-08-26,多,,96,39,144,9058,尾盤出場,21.0,180,2016
2016-08-31,空,,97,39,146,9012,移動停利,33.0,300,2016
2016-09-01,空,,99,40,149,8950,移動停利,47.0,440,2016
2016-09-02,空,,99,40,148,8940,移動停利,16.0,130,2016
2016-09-05,多,,101,41,152,9030,尾盤出場,32.0,290,2016
2016-09-06,多,,104,42,156,9081,尾盤出場,72.0,690,2016
2016-09-07,多,,102,41,153,9180,尾盤出場,71.0,680,2016
2016-09-09,空,,95,38,143,9156,移動停利,23.0,200,2016
2016-09-12,空,,104,42,157,8969,移動停利,37.0,340,2016
2016-09-13,空,,106,43,160,8958,移動停利,122.0,1190,2016
2016-09-14,多,,109,44,163,8880,移動停利,42.0,390,2016
2016-09-19,多,,120,48,180,9005,尾盤出場,146.0,1430,2016
2016-09-20,多,,119,48,178,9143,尾盤出場,1.0,-20,2016
2016-09-21,多,是,119,48,179,9137,尾盤出場,85.0,820,2016
2016-09-23,多,,120,48,179,9236,尾盤出場,1.0,-20,2016
2016-09-26,空,,116,46,174,9204,尾盤出場,51.0,480,2016
2016-09-29,多,,119,48,179,9268,尾盤出場,-16.0,-190,2016
2016-09-30,空,,120,48,180,9167,移動停利,17.0,140,2016
2016-10-03,多,,125,50,187,9217,停損,-50.0,-530,2016
2016-10-04,多,,121,48,182,9224,尾盤出場,30.0,270,2016
2016-10-05,多,,111,44,167,9223,尾盤出場,17.0,140,2016
2016-10-06,空,,110,44,164,9251,移動停利,24.0,210,2016
2016-10-11,空,,108,43,163,9291,尾盤出場,102.0,990,2016
2016-10-12,多,,96,38,144,9198,尾盤出場,62.0,590,2016
2016-10-13,空,,100,40,149,9247,移動停利,48.0,450,2016
2016-10-14,空,,97,39,146,9172,尾盤出場,4.0,10,2016
2016-10-17,空,,99,40,149,9136,移動停利,56.0,530,2016
2016-10-18,多,,99,40,149,9185,移動停利,11.0,80,2016
2016-10-19,多,是,99,40,149,9238,尾盤出場,41.0,380,2016
2016-10-20,多,,94,37,140,9269,尾盤出場,9.0,60,2016
2016-10-21,多,,90,36,135,9275,移動停利,27.0,240,2016
2016-10-28,空,,90,36,134,9284,尾盤出場,4.0,10,2016
2016-11-09,空,,107,43,160,9204,停利,160.0,1570,2016
2016-11-10,多,,120,48,180,9186,尾盤出場,-9.0,-120,2016
2016-11-11,空,,132,53,198,8996,移動停利,26.0,230,2016
2016-11-14,空,,134,53,200,8921,移動停利,24.0,210,2016
2016-11-16,空,是,136,54,204,8984,尾盤出場,0.0,-30,2016
2016-11-17,空,,138,55,207,8935,尾盤出場,-25.0,-280,2016
2016-11-18,多,,135,54,202,8982,尾盤出場,8.0,50,2016
2016-11-21,多,,134,54,201,8991,尾盤出場,26.0,230,2016
2016-11-22,多,,135,54,202,9072,尾盤出場,68.0,650,2016
2016-11-24,空,,133,53,200,9149,移動停利,12.0,90,2016
2016-11-25,多,,128,51,192,9150,移動停利,22.0,190,2016
2016-11-28,多,,130,52,195,9165,移動停利,63.0,600,2016
2016-11-29,空,,103,41,155,9217,尾盤出場,15.0,120,2016
2016-11-30,多,,89,36,134,9222,停損,-36.0,-390,2016
2017-06-26,多,,96,38,144,10219,停利,144.0,1410,2017
2017-06-28,空,,102,41,153,10302,移動停利,35.0,320,2017
2017-06-29,空,,104,42,156,10324,移動停利,44.0,410,2017
2017-06-30,多,,105,42,158,10229,尾盤出場,23.0,200,2017
2017-07-03,多,,107,43,160,10274,停損,-43.0,-460,2017
2017-07-04,空,,104,41,155,10278,尾盤出場,63.0,600,2017
2017-07-05,空,,109,44,163,10214,移動停利,23.0,200,2017
2017-07-07,空,,106,42,159,10218,尾盤出場,15.0,120,2017
2017-07-10,空,,102,41,154,10213,移動停利,13.0,100,2017
2017-07-11,多,,105,42,158,10259,尾盤出場,85.0,820,2017
2017-07-12,多,,95,38,143,10355,尾盤出場,-15.0,-180,2017
2017-07-13,多,,99,40,148,10410,尾盤出場,10.0,70,2017
2017-08-04,多,,155,62,232,10419,尾盤出場,21.0,180,2017
2017-08-07,多,,158,63,237,10495,尾盤出場,34.0,310,2017
2017-08-09,空,,155,62,233,10455,尾盤出場,-1.0,-40,2017
2017-08-10,空,,163,65,244,10473,移動停利,145.0,1420,2017
2017-08-14,空,,171,68,256,10333,移動停利,57.0,540,2017
2017-08-16,多,是,167,67,251,10290,尾盤出場,-35.0,-380,2017
2017-08-17,多,,164,66,246,10273,尾盤出場,24.0,210,2017
2017-08-21,空,,165,66,248,10244,尾盤出場,-26.0,-290,2017
2017-08-22,多,,165,66,247,10332,尾盤出場,17.0,140,2017
2017-08-23,空,,96,38,143,10385,尾盤出場,26.0,230,2017
2017-08-24,多,,99,39,148,10385,尾盤出場,63.0,600,2017
2017-08-25,多,,96,38,144,10478,尾盤出場,9.0,60,2017
2017-08-28,多,,94,38,141,10473,移動停利,22.0,190,2017
2017-08-29,空,,92,37,139,10441,尾盤出場,-26.0,-290,2017
2017-09-25,空,,94,38,141,10413,移動停利,78.0,750,2017
2017-09-26,空,,95,38,142,10289,尾盤出場,23.0,200,2017
2017-09-27,多,,94,37,140,10302,尾盤出場,26.0,230,2017
2017-09-28,空,,94,38,141,10330,移動停利,44.0,410,2017
2017-09-29,空,,91,37,137,10292,尾盤出場,-26.0,-290,2017
2017-09-30,多,,93,37,139,10366,尾盤出場,14.0,110,2017
2017-10-02,多,,92,37,138,10411,尾盤出場,38.0,350,2017
2017-10-05,多,,91,36,137,10461,尾盤出場,45.0,420,2017
2017-10-11,多,,91,36,136,10580,移動停利,48.0,450,2017
2017-10-12,多,,89,36,134,10661,尾盤出場,36.0,330,2017
2017-12-05,空,,89,36,134,10583,尾盤出場,13.0,100,2017
2017-12-06,空,,99,40,149,10530,停利,149.0,1460,2017
2017-12-07,空,,100,40,149,10378,移動停利,12.0,90,2017
2017-12-08,空,,100,40,151,10380,移動停利,24.0,210,2017
2017-12-11,多,,99,40,148,10439,尾盤出場,41.0,380,2017
2017-12-12,空,,101,40,151,10467,移動停利,61.0,580,2017
2017-12-13,多,,101,40,152,10447,尾盤出場,5.0,20,2017
2017-12-14,多,,109,43,163,10529,移動停利,33.0,300,2017
2017-12-15,空,,108,43,162,10502,移動停利,61.0,580,2017
2017-12-19,空,,111,45,167,10503,尾盤出場,47.0,440,2017
2017-12-20,多,是,104,41,155,10488,尾盤出場,10.0,70,2017
2017-12-21,多,,96,38,144,10494,移動停利,25.0,220,2017
2017-12-22,空,,94,38,141,10495,停損,-38.0,-410,2017
2018-01-25,多,,92,37,139,11158,移動停利,93.0,900,2018
2018-01-26,空,,96,38,144,11150,移動停利,51.0,480,2018
2018-01-30,多,,101,40,151,11170,停損,-40.0,-430,2018
2018-01-31,多,,105,42,157,11068,移動停利,56.0,530,2018
2018-02-01,多,,105,42,158,11131,移動停利,48.0,450,2018
2018-02-02,空,,108,43,162,11083,移動停利,22.0,190,2018
2018-02-05,空,,122,49,183,10880,移動停利,12.0,90,2018
2018-02-06,空,,165,66,248,10580,停利,248.0,2450,2018
2018-02-07,空,,176,70,264,10572,尾盤出場,52.0,490,2018
2018-02-08,空,,177,71,266,10525,尾盤出場,5.0,20,2018
2018-02-09,多,,197,79,296,10210,尾盤出場,146.0,1430,2018
2018-02-21,多,是,211,84,316,10644,尾盤出場,61.0,580,2018
2018-02-22,空,,208,83,311,10631,移動停利,18.0,150,2018
2018-02-23,多,,212,85,317,10706,尾盤出場,80.0,770,2018
2018-02-27,空,,211,84,317,10882,尾盤出場,92.0,890,2018
2018-03-05,多,,221,89,332,10717,停損,-89.0,-920,2018
2018-03-06,多,,213,85,320,10761,尾盤出場,27.0,240,2018
2018-03-08,多,,163,65,244,10788,尾盤出場,40.0,370,2018
2018-03-09,空,,162,65,242,10892,移動停利,45.0,420,2018
2018-03-12,多,,145,58,217,10980,尾盤出場,42.0,390,2018
2018-03-13,多,,145,58,217,11031,尾盤出場,68.0,650,2018
2018-03-14,空,,130,52,195,11037,移動停利,14.0,110,2018
2018-03-15,多,,128,51,192,11005,移動停利,43.0,400,2018
2018-03-16,空,,125,50,187,11021,移動停利,60.0,570,2018
2018-03-19,多,,125,50,188,10988,尾盤出場,36.0,330,2018
2018-03-20,多,,121,48,182,10976,尾盤出場,37.0,340,2018
2018-03-21,多,是,112,45,168,11035,移動停利,18.0,150,2018
2018-03-22,多,,112,45,168,11058,移動停利,44.0,410,2018
2018-03-26,多,,122,49,183,10730,尾盤出場,111.0,1080,2018
2018-03-27,多,,125,50,187,10953,尾盤出場,36.0,330,2018
2018-03-28,空,,128,51,192,10872,尾盤出場,55.0,520,2018
2018-03-30,多,,126,50,189,10933,尾盤出場,-15.0,-180,2018
2018-03-31,空,,122,49,184,10940,尾盤出場,16.0,130,2018
2018-04-02,多,,124,49,185,10937,停損,-49.0,-520,2018
2018-04-03,空,,127,51,190,10752,停損,-51.0,-540,2018
2018-04-09,多,,127,51,191,10898,尾盤出場,5.0,20,2018
2018-04-10,多,,131,52,196,10882,移動停利,91.0,880,2018
2018-04-11,多,,130,52,195,10970,尾盤出場,8.0,50,2018
2018-04-12,空,,134,54,201,10991,移動停利,66.0,630,2018
2018-04-13,多,,127,51,191,10979,停損,-51.0,-540,2018
2018-04-16,空,,113,45,169,10950,移動停利,22.0,190,2018
2018-04-17,空,,112,45,169,10951,移動停利,116.0,1130,2018
2018-04-18,空,是,110,44,165,10837,移動停利,28.0,250,2018
2018-04-19,多,,107,43,160,10891,尾盤出場,77.0,740,2018
2018-04-20,空,,114,46,171,10805,尾盤出場,21.0,180,2018
2018-04-23,空,,112,45,168,10712,尾盤出場,20.0,170,2018
2018-04-24,空,,120,48,180,10658,移動停利,91.0,880,2018
2018-04-26,空,,121,49,182,10597,尾盤出場,122.0,1190,2018
2018-04-27,空,,119,47,178,10538,移動停利,35.0,320,2018
2018-04-30,多,,117,47,176,10607,尾盤出場,46.0,430,2018
2018-05-02,空,,118,47,177,10630,尾盤出場,23.0,200,2018
2018-05-03,空,,118,47,177,10535,移動停利,27.0,240,2018
2018-05-04,多,,119,48,178,10508,尾盤出場,14.0,110,2018
2018-05-08,多,,116,46,173,10605,尾盤出場,63.0,600,2018
2018-05-09,多,,112,45,167,10689,移動停利,22.0,190,2018
2018-05-10,多,,107,43,161,10743,尾盤出場,20.0,170,2018
2018-05-11,多,,101,40,151,10827,尾盤出場,33.0,300,2018
2018-05-14,多,,101,40,152,10927,尾盤出場,28.0,250,2018
2018-05-15,空,,98,39,147,10939,尾盤出場,75.0,720,2018
2018-05-16,多,是,95,38,142,10859,移動停利,25.0,220,2018
2018-05-17,空,,91,37,137,10915,移動停利,54.0,510,2018
2018-05-18,空,,90,36,135,10830,尾盤出場,11.0,80,2018
2018-05-21,多,,92,37,138,10885,尾盤出場,79.0,760,2018
2018-05-22,多,,93,37,139,10970,停損,-37.0,-400,2018
2018-05-23,空,,94,38,142,10926,移動停利,50.0,470,2018
2018-05-24,多,,94,38,141,10890,停損,-38.0,-410,2018
2018-05-25,多,,92,37,138,10928,停損,-37.0,-400,2018
2018-05-28,多,,90,36,135,10987,尾盤出場,-4.0,-70,2018
2018-05-29,空,,91,37,137,10960,移動停利,36.0,330,2018
2018-05-30,空,,98,39,148,10823,移動停利,42.0,390,2018
2018-05-31,多,,98,39,147,10848,尾盤出場,19.0,160,2018
2018-06-01,多,,96,38,144,10864,移動停利,30.0,270,2018
2018-06-04,多,,102,41,152,10995,尾盤出場,90.0,870,2018
2018-06-05,空,,103,41,154,11091,移動停利,36.0,330,2018
2018-06-06,多,,105,42,158,11113,尾盤出場,85.0,820,2018
2018-06-08,空,,104,42,157,11185,尾盤出場,61.0,580,2018
2018-06-11,空,,104,41,155,11145,尾盤出場,18.0,150,2018
2018-06-14,空,,107,43,161,11072,尾盤出場,86.0,830,2018
2018-06-15,多,,111,45,167,11014,尾盤出場,40.0,370,2018
2018-06-19,空,,118,47,178,10920,移動停利,21.0,180,2018
2018-06-20,空,是,114,45,170,10895,移動停利,25.0,220,2018
2018-06-21,空,,125,50,187,10705,尾盤出場,-2.0,-50,2018
2018-06-22,空,,128,51,192,10622,移動停利,21.0,180,2018
2018-06-25,空,,120,48,181,10611,尾盤出場,26.0,230,2018
2018-06-26,多,,122,49,184,10575,尾盤出場,20.0,170,2018
2018-06-27,空,,119,47,178,10582,尾盤出場,27.0,240,2018
2018-06-29,多,,123,49,184,10542,尾盤出場,136.0,1330,2018
2018-07-02,多,,125,50,188,10681,移動停利,18.0,150,2018
2018-07-03,多,,131,52,196,10665,移動停利,32.0,290,2018
2018-07-04,多,,129,52,194,10618,尾盤出場,1.0,-20,2018
2018-07-05,空,,128,51,192,10616,移動停利,52.0,490,2018
2018-07-06,空,,130,52,195,10528,移動停利,94.0,910,2018
2018-07-09,多,,127,51,190,10626,尾盤出場,37.0,340,2018
2018-07-11,空,,117,47,176,10603,停損,-47.0,-500,2018
2018-07-12,多,,119,47,178,10646,尾盤出場,94.0,910,2018
2018-07-13,多,,121,48,181,10811,尾盤出場,37.0,340,2018
2018-07-16,空,,118,47,177,10848,尾盤出場,36.0,330,2018
2018-07-17,空,,116,46,174,10793,移動停利,17.0,140,2018
2018-07-18,多,是,117,47,175,10833,尾盤出場,11.0,80,2018
2018-07-19,空,,114,46,172,10749,尾盤出場,28.0,250,2018
2018-07-20,多,,116,46,173,10810,移動停利,17.0,140,2018
2018-07-24,空,,110,44,165,10817,停損,-44.0,-470,2018
2018-07-25,多,,102,41,154,10871,尾盤出場,-6.0,-90,2018
2018-07-26,多,,97,39,145,10916,停損,-39.0,-420,2018
2018-07-27,多,,92,37,139,10932,尾盤出場,60.0,570,2018
2018-07-30,多,,92,37,137,10991,停損,-37.0,-400,2018
2018-08-03,多,,91,36,136,10949,尾盤出場,19.0,160,2018
2018-08-06,多,,92,37,138,11007,停損,-37.0,-400,2018
2018-08-13,空,,96,38,144,10893,停利,144.0,1410,2018
2018-08-15,空,是,105,42,157,10818,移動停利,102.0,990,2018
2018-08-17,空,,110,44,166,10694,尾盤出場,35.0,320,2018
2018-08-21,多,,111,45,167,10703,尾盤出場,65.0,620,2018
2018-08-22,多,,102,41,154,10766,尾盤出場,-5.0,-80,2018
2018-08-23,多,,101,40,152,10796,移動停利,26.0,230,2018
2018-08-24,空,,104,41,155,10808,移動停利,60.0,570,2018
2018-08-27,多,,107,43,161,10864,尾盤出場,21.0,180,2018
2018-08-28,多,,107,43,160,10949,移動停利,11.0,80,2018
2018-08-29,多,,108,43,162,10985,尾盤出場,56.0,530,2018
2018-08-30,多,,111,44,167,11097,移動停利,18.0,150,2018
2018-08-31,空,,97,39,146,10970,停損,-39.0,-420,2018
2018-09-03,空,,101,40,151,11009,移動停利,56.0,530,2018
2018-09-04,空,,95,38,143,10955,停損,-38.0,-410,2018
2018-09-05,多,,90,36,135,10992,停損,-36.0,-390,2018
2018-09-06,空,,90,36,135,10907,移動停利,22.0,190,2018
2018-09-07,空,,93,37,139,10845,移動停利,22.0,190,2018
2018-09-10,空,,98,39,146,10862,移動停利,117.0,1140,2018
2018-09-11,空,,99,40,149,10739,移動停利,37.0,340,2018
2018-09-12,空,,99,40,149,10750,移動停利,43.0,400,2018
2018-09-13,多,,96,38,144,10763,停損,-38.0,-410,2018
2018-09-14,多,,101,40,151,10811,尾盤出場,69.0,660,2018
2018-09-17,空,,99,40,148,10851,尾盤出場,27.0,240,2018
2018-09-18,空,,97,39,145,10772,尾盤出場,-10.0,-130,2018
2018-09-19,多,是,95,38,143,10841,尾盤出場,32.0,290,2018
2018-09-21,多,,97,39,146,10915,尾盤出場,54.0,510,2018
2018-09-25,多,,97,39,145,10964,尾盤出場,12.0,90,2018
2018-09-26,多,,94,38,142,10966,尾盤出場,6.0,30,2018
2018-09-27,多,,94,37,140,10955,移動停利,36.0,330,2018
2018-09-28,空,,95,38,143,11005,移動停利,64.0,610,2018
2018-10-02,空,,91,36,137,10991,尾盤出場,113.0,1100,2018
2018-10-03,空,,90,36,135,10874,尾盤出場,20.0,170,2018
2018-10-04,空,,97,39,145,10802,尾盤出場,105.0,1020,2018
2018-10-05,空,,104,41,155,10654,停利,155.0,1520,2018
2018-10-09,空,,107,43,160,10484,移動停利,10.0,70,2018
2018-10-11,空,,159,64,239,9861,尾盤出場,192.0,1890,2018
2018-10-12,多,,179,72,269,9765,尾盤出場,216.0,2130,2018
2018-10-15,空,,177,71,265,9865,尾盤出場,-2.0,-50,2018
2018-10-16,多,,182,73,273,9901,移動停利,71.0,680,2018
2018-10-18,空,,193,77,290,9923,尾盤出場,42.0,390,2018
2018-10-19,多,,197,79,295,9810,尾盤出場,94.0,910,2018
2018-10-22,多,,207,83,311,9822,尾盤出場,116.0,1130,2018
2018-10-23,空,,213,85,319,9780,尾盤出場,52.0,490,2018
2018-10-24,空,,220,88,330,9748,移動停利,105.0,1020,2018
2018-10-26,空,,227,91,341,9525,移動停利,166.0,1630,2018
2018-10-29,空,,227,91,341,9502,移動停利,54.0,510,2018
2018-10-30,多,,230,92,345,9525,移動停利,19.0,160,2018
2018-10-31,多,,187,75,280,9609,移動停利,90.0,870,2018
2018-11-01,多,,168,67,253,9751,移動停利,56.0,530,2018
2018-11-05,多,,169,68,253,9805,尾盤出場,10.0,70,2018
2018-11-06,空,,166,66,249,9846,尾盤出場,73.0,700,2018
2018-11-07,多,,166,66,249,9813,移動停利,54.0,510,2018
2018-11-09,空,,162,65,243,9877,移動停利,103.0,1000,2018
2018-11-12,多,,156,62,233,9772,移動停利,72.0,690,2018
2018-11-15,空,,140,56,210,9783,移動停利,55.0,520,2018
2018-11-16,空,,142,57,213,9862,尾盤出場,78.0,750,2018
2018-11-19,多,,139,56,209,9823,尾盤出場,-4.0,-70,2018
2018-11-20,空,,131,53,197,9743,尾盤出場,7.0,40,2018
2018-11-21,多,是,132,53,199,9673,尾盤出場,70.0,670,2018
2018-11-22,空,,130,52,196,9745,尾盤出場,31.0,280,2018
2018-11-23,空,,130,52,194,9708,移動停利,75.0,720,2018
2018-11-26,多,,137,55,206,9697,尾盤出場,73.0,700,2018
2018-11-27,空,,138,55,207,9706,移動停利,42.0,390,2018
2018-11-28,多,,138,55,206,9794,尾盤出場,77.0,740,2018
2018-11-29,空,,135,54,202,9958,尾盤出場,80.0,770,2018
2018-11-30,空,,132,53,198,9895,尾盤出場,40.0,370,2018
2018-12-03,多,,133,53,200,10022,移動停利,114.0,1110,2018
2018-12-04,空,,135,54,202,10058,尾盤出場,18.0,150,2018
2018-12-06,空,,146,58,219,9784,移動停利,136.0,1330,2018
2018-12-07,多,,148,59,222,9741,尾盤出場,7.0,40,2018
2018-12-11,多,,148,59,223,9655,移動停利,13.0,100,2018
2018-12-12,多,,154,61,230,9784,尾盤出場,29.0,260,2018
2018-12-14,空,,147,59,221,9736,移動停利,40.0,370,2018
2018-12-17,多,,146,58,219,9794,移動停利,12.0,90,2018
2018-12-18,空,,142,57,214,9706,尾盤出場,-11.0,-140,2018
2018-12-19,多,是,138,55,206,9769,尾盤出場,-1.0,-40,2018
2018-12-20,空,,143,57,214,9631,尾盤出場,-6.0,-90,2018
2018-12-21,空,,129,52,194,9605,移動停利,29.0,260,2018
2018-12-24,空,,119,48,178,9592,尾盤出場,-24.0,-270,2018
2018-12-26,空,,118,47,177,9518,尾盤出場,70.0,670,2018
2018-12-27,多,,119,47,178,9599,移動停利,36.0,330,2018
2018-12-28,多,,118,47,176,9650,尾盤出場,19.0,160,2018
2019-01-02,空,,126,50,189,9734,停利,189.0,1860,2019
2019-01-03,空,,128,51,192,9470,移動停利,17.0,140,2019
2019-01-04,空,,125,50,187,9355,移動停利,30.0,270,2019
2019-01-07,多,,133,53,200,9559,尾盤出場,9.0,60,2019
2019-01-09,多,,141,56,212,9635,移動停利,100.0,970,2019
2019-01-11,多,,133,53,199,9772,移動停利,11.0,80,2019
2019-01-14,空,,133,53,200,9726,移動停利,46.0,430,2019
2019-01-15,多,,139,56,209,9749,移動停利,48.0,450,2019
2019-01-16,多,是,128,51,192,9790,尾盤出場,-6.0,-90,2019
2019-01-17,空,,128,51,191,9772,移動停利,31.0,280,2019
2019-01-18,多,,119,48,178,9830,尾盤出場,-11.0,-140,2019
2019-01-21,多,,122,49,183,9903,尾盤出場,-40.0,-430,2019
2019-01-23,空,,103,41,154,9816,尾盤出場,-1.0,-40,2019
2019-01-24,多,,98,39,146,9842,尾盤出場,19.0,160,2019
2019-01-25,多,,91,36,136,9944,尾盤出場,23.0,200,2019
2019-02-21,多,,92,37,138,10269,尾盤出場,50.0,470,2019
2019-02-22,多,,93,37,139,10280,尾盤出場,26.0,230,2019
2019-02-26,空,,89,36,134,10369,尾盤出場,17.0,140,2019
2019-03-04,空,,91,36,136,10344,移動停利,48.0,450,2019
2019-03-29,空,,91,36,136,10548,移動停利,52.0,490,2019
2019-04-11,多,,93,37,139,10874,停損,-37.0,-400,2019
2019-04-12,空,,92,37,138,10811,尾盤出場,8.0,50,2019
2019-04-15,多,,91,37,137,10882,尾盤出場,-5.0,-80,2019
2019-05-03,多,,91,36,136,10994,尾盤出場,98.0,950,2019
2019-05-06,空,,104,41,156,10925,移動停利,84.0,810,2019
2019-05-07,多,,109,43,163,10932,移動停利,44.0,410,2019
2019-05-09,空,,116,47,175,10809,移動停利,73.0,700,2019
2019-05-10,空,,124,50,186,10731,移動停利,44.0,410,2019
2019-05-13,空,,132,53,198,10673,尾盤出場,98.0,950,2019
2019-05-15,多,是,139,55,208,10544,移動停利,42.0,390,2019
2019-05-16,空,,141,56,211,10532,尾盤出場,43.0,400,2019
2019-05-17,空,,143,57,214,10546,尾盤出場,132.0,1290,2019
2019-05-20,空,,143,57,215,10432,尾盤出場,0.0,-30,2019
2019-05-21,多,,147,59,220,10412,尾盤出場,76.0,730,2019
2019-05-22,多,,144,58,216,10487,尾盤出場,-8.0,-110,2019
2019-05-23,空,,149,60,224,10381,移動停利,76.0,730,2019
2019-05-27,空,,133,53,200,10347,移動停利,43.0,400,2019
2019-05-30,多,,117,47,176,10312,移動停利,38.0,350,2019
2019-05-31,多,,116,46,174,10352,移動停利,121.0,1180,2019
2019-06-03,空,,111,45,167,10422,移動停利,36.0,330,2019
2019-06-04,空,,110,44,166,10454,尾盤出場,41.0,380,2019
2019-06-06,空,,106,43,159,10372,尾盤出場,4.0,10,2019
2019-06-10,多,,114,46,171,10492,移動停利,31.0,280,2019
2019-06-11,多,,111,44,167,10562,移動停利,36.0,330,2019
2019-06-12,多,,110,44,165,10589,尾盤出場,3.0,0,2019
2019-06-13,多,,103,41,154,10564,停損,-41.0,-440,2019
2019-06-14,空,,100,40,151,10524,尾盤出場,-5.0,-80,2019
2019-06-17,多,,100,40,151,10493,尾盤出場,53.0,500,2019
2019-06-19,多,是,108,43,162,10689,移動停利,18.0,150,2019
2019-06-21,空,,110,44,165,10622,尾盤出場,37.0,340,2019
2019-06-24,空,,109,43,163,10590,移動停利,17.0,140,2019
2019-06-25,空,,110,44,166,10608,尾盤出場,68.0,650,2019
2019-06-26,空,,107,43,160,10518,尾盤出場,10.0,70,2019
2019-06-27,多,,109,44,164,10555,移動停利,67.0,640,2019
2019-06-28,空,,101,41,152,10607,尾盤出場,33.0,300,2019
2019-07-01,多,,110,44,164,10729,尾盤出場,36.0,330,2019
2019-07-04,多,,144,58,217,10698,移動停利,11.0,80,2019
2019-07-09,空,,132,53,198,10676,尾盤出場,24.0,210,2019
2019-07-10,多,,123,49,185,10724,尾盤出場,10.0,70,2019
2019-07-11,多,,125,50,187,10809,尾盤出場,4.0,10,2019
2019-07-12,多,,121,48,182,10812,尾盤出場,-3.0,-60,2019
2019-07-15,空,,123,49,184,10800,移動停利,50.0,470,2019
2019-07-16,多,,123,49,184,10872,尾盤出場,9.0,60,2019
2019-07-17,空,是,118,47,177,10832,尾盤出場,1.0,-20,2019
2019-07-19,多,,123,49,185,10767,尾盤出場,-27.0,-300,2019
2019-07-22,多,,125,50,188,10755,尾盤出場,41.0,380,2019
2019-08-02,空,,92,37,137,10509,尾盤出場,36.0,330,2019
2019-08-05,空,,96,39,145,10414,尾盤出場,38.0,350,2019
2019-08-07,空,,103,41,154,10325,尾盤出場,-26.0,-290,2019
2019-08-08,多,,101,40,151,10376,移動停利,58.0,550,2019
2019-08-13,空,,108,43,162,10381,移動停利,42.0,390,2019
2019-08-14,多,,116,46,173,10461,移動停利,11.0,80,2019
2019-08-16,空,,130,52,195,10291,停損,-52.0,-550,2019
2019-08-19,多,,131,52,197,10442,尾盤出場,39.0,360,2019
2019-08-20,多,,129,51,193,10491,尾盤出場,35.0,320,2019
2019-08-21,多,是,126,50,189,10516,尾盤出場,12.0,90,2019
2019-08-22,多,,125,50,187,10545,停損,-50.0,-530,2019
2019-08-23,空,,114,46,171,10476,尾盤出場,-21.0,-240,2019
2019-08-26,空,,121,48,181,10321,尾盤出場,16.0,130,2019
2019-08-27,空,,106,42,159,10366,尾盤出場,3.0,0,2019
2019-08-28,多,,106,42,159,10406,移動停利,12.0,90,2019
2019-08-29,多,,103,41,154,10425,尾盤出場,7.0,40,2019
2019-08-30,多,,107,43,160,10532,尾盤出場,46.0,430,2019
2019-09-02,多,,102,41,153,10571,尾盤出場,34.0,310,2019
2019-09-03,空,,98,39,147,10594,尾盤出場,51.0,480,2019
2019-09-04,多,,93,37,140,10572,尾盤出場,71.0,680,2019
2019-09-05,多,,92,37,138,10736,尾盤出場,0.0,-30,2019
2019-09-06,多,,90,36,135,10780,尾盤出場,-13.0,-160,2019
2019-09-10,空,,94,37,140,10795,尾盤出場,51.0,480,2019
2019-09-11,空,,91,36,137,10785,尾盤出場,12.0,90,2019
2019-10-14,多,,96,38,143,11080,尾盤出場,-7.0,-100,2019
2019-10-15,多,,96,38,144,11091,尾盤出場,16.0,130,2019
2019-10-17,多,,95,38,142,11152,尾盤出場,5.0,20,2019
2019-10-18,空,,94,38,141,11168,尾盤出場,20.0,170,2019
2019-10-22,多,,93,37,139,11222,移動停利,10.0,70,2019
2019-10-24,多,,91,37,137,11237,尾盤出場,51.0,480,2019
2019-11-12,多,,90,36,135,11493,尾盤出場,33.0,300,2019
2019-11-14,空,,92,37,138,11481,移動停利,48.0,450,2019
2019-11-18,多,,96,39,144,11537,尾盤出場,57.0,540,2019
2019-11-19,多,,99,40,148,11577,尾盤出場,68.0,650,2019
2019-11-20,空,是,98,39,147,11621,尾盤出場,13.0,100,2019
2019-11-21,空,,105,42,158,11498,移動停利,28.0,250,2019
2019-11-25,空,,94,38,141,11610,尾盤出場,43.0,400,2019
2019-11-26,多,,95,38,143,11628,移動停利,10.0,70,2019
2019-11-27,空,,92,37,139,11611,停損,-37.0,-400,2019
2019-11-28,空,,90,36,135,11646,移動停利,21.0,180,2019
2019-11-29,空,,90,36,134,11592,移動停利,105.0,1020,2019
2019-12-10,空,,89,36,134,11644,尾盤出場,19.0,160,2019
2019-12-12,多,,95,38,142,11774,移動停利,94.0,910,2019
2019-12-16,多,,98,39,147,11944,尾盤出場,12.0,90,2019
2019-12-17,多,,105,42,158,11982,尾盤出場,120.0,1170,2019
2019-12-18,多,是,105,42,158,12078,尾盤出場,41.0,380,2019
2019-12-19,空,,102,41,153,12086,移動停利,44.0,410,2019
2019-12-20,空,,105,42,157,12038,移動停利,67.0,640,2019
2019-12-23,空,,102,41,154,11986,尾盤出場,-35.0,-380,2019
2019-12-24,空,,101,40,152,12026,尾盤出場,42.0,390,2019
2019-12-25,多,,96,39,145,11995,尾盤出場,23.0,200,2019
2019-12-26,空,,94,38,141,12020,移動停利,14.0,110,2019
2019-12-27,多,,95,38,143,12074,尾盤出場,24.0,210,2019
2019-12-30,空,,95,38,142,12080,尾盤出場,12.0,90,2019
2020-01-06,空,,98,39,146,12006,移動停利,34.0,310,2020
2020-01-07,空,,100,40,150,11990,移動停利,86.0,830,2020
2020-01-09,多,,117,47,176,11920,移動停利,58.0,550,2020
2020-01-13,多,,119,48,179,12103,尾盤出場,13.0,100,2020
2020-01-14,多,,121,48,181,12192,尾盤出場,-11.0,-140,2020
2020-01-15,空,是,126,50,189,12155,移動停利,40.0,370,2020
2020-01-17,空,,127,51,191,12091,移動停利,42.0,390,2020
2020-01-20,多,,129,52,194,12125,移動停利,15.0,120,2020
2020-01-30,空,,177,71,266,11741,移動停利,147.0,1440,2020
2020-02-04,多,,197,79,296,11390,移動停利,144.0,1410,2020
2020-02-06,多,,194,78,291,11670,尾盤出場,69.0,660,2020
2020-02-07,空,,192,77,287,11631,尾盤出場,43.0,400,2020
2020-02-10,多,,199,80,299,11462,尾盤出場,104.0,1010,2020
2020-02-11,多,,200,80,300,11653,移動停利,16.0,130,2020
2020-02-12,多,,205,82,308,11674,移動停利,103.0,1000,2020
2020-02-13,空,,202,81,303,11772,尾盤出場,-3.0,-60,2020
2020-02-14,多,,202,81,304,11788,移動停利,44.0,410,2020
2020-02-17,多,,204,82,306,11733,尾盤出場,37.0,340,2020
2020-02-18,空,,208,83,312,11650,尾盤出場,9.0,60,2020
2020-02-19,多,是,167,67,250,11685,移動停利,92.0,890,2020
2020-02-21,多,,150,60,225,11698,移動停利,47.0,440,2020
2020-02-25,多,,149,60,223,11453,尾盤出場,91.0,880,2020
2020-02-27,空,,150,60,224,11384,移動停利,127.0,1240,2020
2020-03-05,多,,162,65,242,11467,尾盤出場,23.0,200,2020
2020-03-06,空,,171,68,257,11385,移動停利,105.0,1020,2020
2020-03-09,空,,188,75,283,10967,停損,-75.0,-780,2020
2020-03-10,多,,194,78,291,10893,尾盤出場,89.0,860,2020
2020-03-11,空,,198,79,296,10928,尾盤出場,102.0,990,2020
2020-03-12,空,,234,94,351,10710,停利,351.0,3480,2020
2020-03-13,多,,290,116,435,9793,移動停利,334.0,3310,2020
2020-03-16,空,,307,123,460,9872,移動停利,216.0,2130,2020
2020-03-18,空,是,331,132,496,9306,移動停利,81.0,780,2020
2020-03-19,空,,387,155,580,8732,移動停利,444.0,4410,2020
2020-03-20,多,,426,170,638,8655,移動停利,461.0,4580,2020
2020-03-24,多,,480,192,720,9093,尾盤出場,97.0,940,2020
2020-03-27,空,,504,202,756,9804,尾盤出場,254.0,2510,2020
2020-03-31,空,,511,204,767,9656,移動停利,141.0,1380,2020
2020-04-01,空,,471,188,706,9565,尾盤出場,9.0,60,2020
2020-04-07,多,,411,165,617,9987,移動停利,13.0,100,2020
2020-04-08,多,,396,158,594,9983,移動停利,86.0,830,2020
2020-04-10,多,,325,130,487,10068,移動停利,31.0,280,2020
2020-04-14,多,,262,105,394,10168,尾盤出場,174.0,1710,2020
2020-04-15,多,是,228,91,343,10383,尾盤出場,68.0,650,2020
2020-04-17,多,,226,90,339,10604,移動停利,45.0,420,2020
2020-04-20,空,,207,83,311,10513,移動停利,35.0,320,2020
2020-04-21,空,,208,83,312,10382,移動停利,218.0,2150,2020
2020-04-22,多,,204,82,306,10164,尾盤出場,55.0,520,2020
2020-04-23,多,,215,86,322,10284,移動停利,98.0,950,2020
2020-04-24,多,,198,79,298,10245,尾盤出場,21.0,180,2020
2020-04-27,多,,206,82,309,10442,尾盤出場,104.0,1010,2020
2020-04-29,多,,202,81,304,10669,移動停利,71.0,680,2020
2020-04-30,多,,213,85,320,10830,尾盤出場,115.0,1120,2020
2020-05-05,空,,231,92,347,10683,尾盤出場,-33.0,-360,2020
2020-05-06,多,,233,93,350,10688,移動停利,72.0,690,2020
2020-05-07,多,,224,90,337,10736,移動停利,121.0,1180,2020
2020-05-11,多,,210,84,315,10995,移動停利,23.0,200,2020
2020-05-12,空,,199,80,298,10868,移動停利,46.0,430,2020
2020-05-13,多,,198,79,297,10823,尾盤出場,91.0,880,2020
2020-05-14,空,,193,77,290,10823,移動停利,31.0,280,2020
2020-05-18,多,,185,74,278,10780,移動停利,24.0,210,2020
2020-05-20,空,是,185,74,277,10900,尾盤出場,13.0,100,2020
2020-05-21,多,,175,70,262,10914,移動停利,74.0,710,2020
2020-05-22,空,,158,63,236,10882,尾盤出場,138.0,1350,2020
2020-05-25,空,,158,63,237,10795,移動停利,124.0,1210,2020
2020-05-26,多,,162,65,243,10928,尾盤出場,57.0,540,2020
2020-05-28,空,,165,66,247,11047,移動停利,171.0,1680,2020
2020-05-29,空,,165,66,247,10836,移動停利,10.0,70,2020
2020-06-01,多,,165,66,247,11008,移動停利,75.0,720,2020
2020-06-02,多,,160,64,240,11090,尾盤出場,19.0,160,2020
2020-06-03,多,,161,65,242,11255,尾盤出場,26.0,230,2020
2020-06-05,多,,161,64,241,11400,移動停利,15.0,120,2020
2020-06-08,多,,158,63,237,11573,移動停利,33.0,300,2020
2020-06-09,多,,158,63,237,11612,尾盤出場,-2.0,-50,2020
2020-06-10,多,,159,64,238,11639,移動停利,71.0,680,2020
2020-06-11,空,,161,64,242,11665,尾盤出場,164.0,1610,2020
2020-06-15,空,,166,67,250,11355,移動停利,20.0,170,2020
2020-06-16,多,,182,73,272,11465,尾盤出場,58.0,550,2020
2020-06-17,多,是,173,69,260,11539,尾盤出場,-18.0,-210,2020
2020-06-18,空,,179,72,268,11351,移動停利,36.0,330,2020
2020-06-19,空,,172,69,257,11411,移動停利,30.0,270,2020
2020-06-22,多,,175,70,263,11400,移動停利,78.0,750,2020
2020-06-23,空,,175,70,263,11486,移動停利,120.0,1170,2020
2020-06-24,多,,174,69,260,11558,尾盤出場,-35.0,-380,2020
2020-06-29,空,,180,72,270,11371,移動停利,36.0,330,2020
2020-06-30,多,,178,71,267,11477,尾盤出場,-6.0,-90,2020
2020-07-01,多,,182,73,273,11496,移動停利,107.0,1040,2020
2020-07-02,多,,184,74,276,11605,尾盤出場,87.0,840,2020
2020-07-03,多,,176,71,265,11803,移動停利,27.0,240,2020
2020-07-06,多,,176,70,264,11935,移動停利,117.0,1140,2020
2020-07-07,空,,174,70,261,12135,尾盤出場,107.0,1040,2020
2020-07-08,多,,159,64,239,12055,移動停利,66.0,630,2020
2020-07-10,空,,160,64,239,12175,移動停利,164.0,1610,2020
2020-07-13,多,,169,68,254,12147,尾盤出場,58.0,550,2020
2020-07-14,多,,167,67,250,12190,尾盤出場,-3.0,-60,2020
2020-07-15,空,是,165,66,248,12281,移動停利,111.0,1080,2020
2020-07-17,多,,172,69,258,12107,移動停利,11.0,80,2020
2020-07-20,空,,174,70,261,12052,移動停利,129.0,1260,2020
2020-07-21,多,,184,74,276,12152,移動停利,152.0,1490,2020
2020-07-22,多,,180,72,270,12307,尾盤出場,25.0,220,2020
2020-07-23,空,,178,71,267,12272,移動停利,53.0,500,2020
2020-07-24,空,,178,71,267,12225,移動停利,82.0,790,2020
2020-07-27,多,,193,77,290,12474,尾盤出場,18.0,150,2020
2020-07-28,多,,220,88,330,12844,停損,-88.0,-910,2020
2020-07-29,空,,223,89,335,12422,移動停利,10.0,70,2020
2020-07-31,多,,215,86,323,12609,移動停利,15.0,120,2020
2020-08-03,空,,220,88,330,12512,尾盤出場,76.0,730,2020
2020-08-04,多,,221,88,332,12530,尾盤出場,101.0,980,2020
2020-08-05,多,,209,84,313,12707,尾盤出場,34.0,310,2020
2020-08-06,多,,213,85,319,12876,停損,-85.0,-880,2020
2020-08-07,空,,212,85,318,12830,移動停利,104.0,1010,2020
2020-08-10,多,,204,82,306,12782,移動停利,103.0,1000,2020
2020-08-11,空,,207,83,311,12802,尾盤出場,69.0,660,2020
2020-08-12,空,,210,84,315,12662,移動停利,77.0,740,2020
2020-08-14,多,,187,75,280,12697,尾盤出場,92.0,890,2020
2020-08-17,多,,165,66,248,12822,尾盤出場,133.0,1300,2020
2020-08-18,空,,166,66,249,12970,移動停利,114.0,1110,2020
2020-08-19,空,是,164,65,246,12882,尾盤出場,75.0,720,2020
2020-08-20,空,,208,83,312,12661,停利,312.0,3090,2020
2020-08-21,多,,217,87,325,12498,尾盤出場,54.0,510,2020
2020-08-24,多,,214,86,321,12610,移動停利,23.0,200,2020
2020-08-25,多,,219,88,329,12680,移動停利,95.0,920,2020
2020-08-26,多,,215,86,322,12742,尾盤出場,50.0,470,2020
2020-08-27,多,,217,87,325,12870,移動停利,35.0,320,2020
2020-08-28,空,,214,86,321,12689,移動停利,29.0,260,2020
2020-08-31,多,,222,89,334,12812,停損,-89.0,-920,2020
2020-09-01,空,,222,89,333,12555,停損,-89.0,-920,2020
2020-09-03,多,,224,89,336,12808,移動停利,30.0,270,2020
2020-09-07,多,,227,91,340,12660,移動停利,53.0,500,2020
2020-09-08,多,,222,89,334,12661,尾盤出場,4.0,10,2020
2020-09-09,空,,186,75,280,12504,移動停利,50.0,470,2020
2020-09-10,多,,173,69,260,12680,尾盤出場,16.0,130,2020
2020-09-11,空,,169,68,254,12655,移動停利,24.0,210,2020
2020-09-14,多,,165,66,248,12750,尾盤出場,36.0,330,2020
2020-09-15,多,,164,66,246,12777,尾盤出場,70.0,670,2020
2020-09-17,空,,166,67,250,12835,移動停利,41.0,380,2020
2020-09-18,空,,154,62,231,12812,移動停利,19.0,160,2020
2020-09-21,多,,158,63,237,12824,移動停利,33.0,300,2020
2020-09-22,空,,158,63,237,12606,移動停利,75.0,720,2020
2020-09-23,空,,155,62,232,12536,移動停利,55.0,520,2020
2020-09-24,空,,165,66,247,12340,尾盤出場,163.0,1600,2020
2020-09-25,多,,166,67,249,12278,移動停利,11.0,80,2020
2020-09-28,多,,174,70,262,12303,尾盤出場,111.0,1080,2020
2020-09-30,多,,168,67,252,12484,移動停利,44.0,410,2020
2020-10-06,多,,175,70,262,12650,移動停利,34.0,310,2020
2020-10-07,多,,179,71,268,12641,尾盤出場,115.0,1120,2020
2020-10-08,多,,175,70,262,12842,尾盤出場,31.0,280,2020
2020-10-12,多,,169,68,254,12947,移動停利,28.0,250,2020
2020-10-13,空,,172,69,259,12929,移動停利,93.0,900,2020
2020-10-14,空,,163,65,244,12922,尾盤出場,33.0,300,2020
2020-10-16,空,,163,65,245,12806,尾盤出場,60.0,570,2020
2020-10-19,多,,150,60,224,12817,移動停利,69.0,660,2020
2020-10-20,空,,140,56,210,12864,尾盤出場,8.0,50,2020
2020-10-21,多,是,131,52,196,12914,移動停利,12.0,90,2020
2020-10-22,多,,132,53,199,12760,尾盤出場,74.0,710,2020
2020-10-27,空,,121,49,182,12793,尾盤出場,-14.0,-170,2020
2020-10-28,空,,117,47,176,12772,移動停利,20.0,170,2020
2020-10-30,空,,131,52,196,12522,移動停利,57.0,540,2020
2020-11-02,多,,130,52,195,12509,尾盤出場,6.0,30,2020
2020-11-03,多,,138,55,208,12640,移動停利,55.0,520,2020
2020-11-04,多,,142,57,213,12778,停損,-57.0,-600,2020
2020-11-06,多,,135,54,202,12955,移動停利,16.0,130,2020
2020-11-09,多,,147,59,221,13132,尾盤出場,-2.0,-50,2020
2020-11-11,多,,155,62,232,13110,尾盤出場,151.0,1480,2020
2020-11-12,空,,157,63,235,13262,移動停利,49.0,460,2020
2020-11-13,空,,157,63,236,13214,移動停利,31.0,280,2020
2020-11-16,多,,172,69,258,13449,尾盤出場,130.0,1270,2020
2020-11-18,多,是,171,68,257,13647,移動停利,121.0,1180,2020
2020-11-19,多,,164,66,246,13738,停損,-66.0,-690,2020
2020-11-20,多,,162,65,243,13724,尾盤出場,9.0,60,2020
2020-11-23,多,,162,65,244,13843,移動停利,80.0,770,2020
2020-11-24,空,,158,63,236,13890,尾盤出場,98.0,950,2020
2020-11-25,空,,166,66,248,13878,移動停利,128.0,1250,2020
2020-11-26,多,,169,68,254,13794,移動停利,48.0,450,2020
2020-11-27,多,,161,64,242,13800,移動停利,70.0,670,2020
2020-11-30,多,,170,68,255,13933,停損,-68.0,-710,2020
2020-12-01,多,,167,67,250,13825,尾盤出場,50.0,470,2020
2020-12-02,多,,168,67,252,13938,移動停利,14.0,110,2020
2020-12-03,多,,169,68,254,13973,移動停利,34.0,310,2020
2020-12-04,多,,160,64,240,14048,移動停利,48.0,450,2020
2020-12-08,多,,162,65,243,14218,尾盤出場,124.0,1210,2020
2020-12-09,多,,162,65,243,14372,移動停利,31.0,280,2020
2020-12-10,空,,171,68,256,14254,移動停利,56.0,530,2020
2020-12-11,空,,174,69,260,14288,移動停利,177.0,1740,2020
2020-12-14,空,,169,68,254,14244,尾盤出場,44.0,410,2020
2020-12-15,空,,168,67,252,14136,移動停利,86.0,830,2020
2020-12-16,多,是,174,70,262,14205,尾盤出場,117.0,1140,2020
2020-12-17,空,,182,73,273,14201,移動停利,96.0,930,2020
2020-12-18,多,,170,68,254,14197,停損,-68.0,-710,2020
2020-12-21,空,,179,72,268,14143,移動停利,102.0,990,2020
2020-12-22,多,,191,76,286,14264,移動停利,50.0,470,2020
2020-12-23,多,,191,76,287,14104,移動停利,57.0,540,2020
2020-12-24,多,,192,77,288,14214,移動停利,38.0,350,2020
2020-12-25,多,,191,76,286,14337,移動停利,26.0,230,2020
2020-12-28,多,,187,75,280,14346,尾盤出場,89.0,860,2020
2020-12-29,空,,186,75,280,14427,移動停利,31.0,280,2020
2020-12-30,多,,185,74,278,14480,尾盤出場,155.0,1520,2020
2021-01-04,多,,190,76,284,14665,尾盤出場,208.0,2050,2021
2021-01-05,多,,186,74,278,14888,尾盤出場,86.0,830,2021
2021-01-06,多,,195,78,292,15072,停損,-78.0,-810,2021
2021-01-07,多,,203,81,304,15090,移動停利,134.0,1310,2021
2021-01-08,多,,214,85,320,15422,移動停利,21.0,180,2021
2021-01-11,多,,205,82,307,15428,移動停利,62.0,590,2021
2021-01-12,空,,198,79,297,15511,移動停利,72.0,690,2021
2021-01-13,多,,209,83,313,15585,尾盤出場,169.0,1660,2021
2021-01-15,空,,226,90,338,15940,移動停利,314.0,3110,2021
2021-01-18,空,,241,96,361,15625,移動停利,278.0,2750,2021
2021-01-19,多,,259,103,388,15748,移動停利,74.0,710,2021
2021-01-20,空,是,260,104,391,15872,移動停利,82.0,790,2021
2021-01-21,多,,283,113,424,15813,移動停利,350.0,3470,2021
2021-01-22,空,,276,110,414,15973,移動停利,25.0,220,2021
2021-01-25,空,,286,115,429,15950,移動停利,211.0,2080,2021
2021-01-26,空,,291,116,436,15852,移動停利,295.0,2920,2021
2021-01-27,多,,282,113,423,15754,移動停利,40.0,370,2021
2021-01-28,空,,290,116,435,15350,移動停利,15.0,120,2021
2021-01-29,空,,312,125,468,15472,尾盤出場,401.0,3980,2021
2021-02-02,多,,333,133,499,15499,移動停利,301.0,2980,2021
2021-02-05,多,,316,127,475,15839,移動停利,125.0,1220,2021
2021-02-17,多,是,337,135,506,16277,移動停利,102.0,990,2021
2021-02-18,多,,338,135,506,16382,移動停利,123.0,1200,2021
2021-02-19,空,,326,130,489,16288,移動停利,138.0,1350,2021
2021-02-22,多,,329,132,494,16509,移動停利,35.0,320,2021
2021-02-23,多,,328,131,492,16248,尾盤出場,183.0,1800,2021
2021-02-24,多,,319,127,478,16312,移動停利,103.0,1000,2021
2021-02-26,空,,332,133,498,15996,移動停利,124.0,1210,2021
2021-03-02,空,,328,131,491,16211,尾盤出場,308.0,3050,2021
2021-03-03,空,,327,131,490,15981,移動停利,76.0,730,2021
2021-03-04,空,,324,130,486,16010,移動停利,92.0,890,2021
2021-03-08,多,,345,138,517,15984,移動停利,91.0,880,2021
2021-03-09,空,,342,137,513,15692,移動停利,64.0,610,2021
2021-03-11,多,,316,126,474,15977,移動停利,217.0,2140,2021
2021-03-15,多,,298,119,446,16219,移動停利,10.0,70,2021
2021-03-16,多,,289,116,433,16257,移動停利,18.0,150,2021
2021-03-17,空,是,280,112,420,16295,尾盤出場,118.0,1150,2021
2021-03-18,多,,279,111,418,16274,移動停利,107.0,1040,2021
2021-03-19,空,,261,104,391,16056,移動停利,47.0,440,2021
2021-03-22,空,,250,100,376,15975,移動停利,44.0,410,2021
2021-03-23,多,,241,96,361,16235,移動停利,22.0,190,2021
2021-03-24,空,,223,89,335,15997,尾盤出場,18.0,150,2021
2021-03-26,多,,209,83,313,16123,尾盤出場,159.0,1560,2021
2021-03-29,多,,206,82,308,16383,移動停利,82.0,790,2021
2021-03-30,多,,202,81,302,16494,尾盤出場,25.0,220,2021
2021-03-31,多,,188,75,282,16544,停損,-75.0,-780,2021
2021-04-01,多,,191,76,286,16560,停損,-76.0,-790,2021
2021-04-07,多,,201,80,302,16785,尾盤出場,-22.0,-250,2021
2021-04-08,多,,206,82,309,16726,移動停利,80.0,770,2021
2021-04-09,空,,202,81,302,16949,移動停利,119.0,1160,2021
2021-04-12,多,,196,78,294,16902,移動停利,43.0,400,2021
2021-04-13,多,,196,78,294,16918,移動停利,108.0,1050,2021
2021-04-14,空,,207,83,310,16842,移動停利,61.0,580,2021
2021-04-15,多,,210,84,314,16895,尾盤出場,174.0,1710,2021
2021-04-16,多,,206,82,309,17072,尾盤出場,81.0,780,2021
2021-04-19,多,,201,80,301,17142,移動停利,134.0,1310,2021
2021-04-20,多,,195,78,292,17254,移動停利,25.0,220,2021
2021-04-21,空,是,198,79,298,17210,移動停利,40.0,370,2021
2021-04-22,空,,211,84,316,17256,移動停利,183.0,1800,2021
2021-04-23,多,,214,86,322,17088,尾盤出場,166.0,1630,2021
2021-04-26,多,,214,86,321,17357,尾盤出場,166.0,1630,2021
2021-04-27,多,,214,86,321,17535,移動停利,21.0,180,2021
2021-04-28,空,,203,81,305,17520,移動停利,25.0,220,2021
2021-04-29,多,,204,82,306,17644,移動停利,38.0,350,2021
2021-05-03,空,,214,86,321,17476,移動停利,206.0,2030,2021
2021-05-04,空,,241,96,361,17266,停利,361.0,3580,2021
2021-05-05,空,,236,95,355,16841,停損,-95.0,-980,2021
2021-05-06,多,,248,99,372,16917,移動停利,144.0,1410,2021
2021-05-07,多,,260,104,390,17151,移動停利,46.0,430,2021
2021-05-11,空,,310,124,465,16874,移動停利,196.0,1930,2021
2021-05-12,空,,407,163,611,16410,停利,611.0,6080,2021
2021-05-14,多,,447,179,671,15837,移動停利,164.0,1610,2021
2021-05-18,多,,533,213,799,15597,移動停利,370.0,3670,2021
2021-05-20,空,,553,221,830,16031,移動停利,96.0,930,2021
2021-05-25,多,,541,216,811,16487,移動停利,97.0,940,2021
2021-05-28,多,,539,216,809,16770,移動停利,60.0,570,2021
2021-05-31,多,,499,199,748,16924,移動停利,154.0,1510,2021
2021-06-01,多,,399,160,599,17090,移動停利,38.0,350,2021
2021-06-02,空,,366,146,549,17154,移動停利,118.0,1150,2021
2021-06-03,多,,349,140,524,17271,移動停利,22.0,190,2021
2021-06-07,空,,286,115,429,17181,停利,429.0,4260,2021
2021-06-09,空,,273,109,410,16991,移動停利,31.0,280,2021
2021-06-10,多,,257,103,385,17066,移動停利,79.0,760,2021
2021-06-11,多,,245,98,368,17238,移動停利,40.0,370,2021
2021-06-15,多,,235,94,352,17353,尾盤出場,41.0,380,2021
2021-06-16,空,是,249,100,374,17311,移動停利,258.0,2550,2021
2021-06-17,多,,243,97,364,17110,尾盤出場,183.0,1800,2021
2021-06-18,空,,227,91,340,17289,尾盤出場,33.0,300,2021
2021-06-21,空,,236,94,354,17012,移動停利,89.0,860,2021
2021-06-22,空,,242,97,363,17128,尾盤出場,107.0,1040,2021
2021-06-23,多,,250,100,374,17114,移動停利,124.0,1210,2021
2021-06-24,多,,244,98,366,17304,移動停利,74.0,710,2021
2021-06-25,多,,246,98,368,17445,移動停利,97.0,940,2021
2021-06-28,多,,221,88,331,17490,移動停利,50.0,470,2021
2021-06-29,空,,221,88,331,17575,移動停利,104.0,1010,2021
2021-06-30,多,,224,89,335,17620,移動停利,126.0,1230,2021
2021-07-01,空,,224,90,336,17655,移動停利,80.0,770,2021
2021-07-02,多,,224,90,336,17667,移動停利,37.0,340,2021
2021-07-05,多,,230,92,345,17793,移動停利,87.0,840,2021
2021-07-08,空,,210,84,315,17860,移動停利,146.0,1430,2021
2021-07-09,空,,205,82,308,17645,移動停利,99.0,960,2021
2021-07-12,多,,211,85,317,17882,移動停利,58.0,550,2021
2021-07-14,空,,208,83,312,17846,移動停利,78.0,750,2021
2021-07-15,多,,205,82,307,17938,尾盤出場,82.0,790,2021
2021-07-19,多,,218,87,328,17734,尾盤出場,56.0,530,2021
2021-07-20,空,,224,90,336,17672,移動停利,71.0,680,2021
2021-07-21,空,是,230,92,345,17637,移動停利,86.0,830,2021
2021-07-22,空,,233,93,349,17418,移動停利,51.0,480,2021
2021-07-23,多,,226,91,340,17502,移動停利,37.0,340,2021
2021-07-26,空,,238,95,357,17435,尾盤出場,229.0,2260,2021
2021-07-27,多,,239,95,358,17330,停損,-95.0,-980,2021
2021-07-28,空,,256,102,383,17052,移動停利,299.0,2960,2021
2021-07-29,多,,260,104,391,17153,尾盤出場,172.0,1690,2021
2021-07-30,空,,253,101,380,17223,尾盤出場,50.0,470,2021
2021-08-02,多,,261,104,391,17358,尾盤出場,106.0,1030,2021
2021-08-03,多,,258,103,387,17445,尾盤出場,36.0,330,2021
2021-08-04,多,,254,102,381,17513,移動停利,48.0,450,2021
2021-08-06,空,,236,94,353,17483,移動停利,110.0,1070,2021
2021-08-10,空,,220,88,330,17396,移動停利,105.0,1020,2021
2021-08-11,空,,223,89,335,17211,移動停利,113.0,1100,2021
2021-08-13,空,,216,87,325,17155,移動停利,162.0,1590,2021
2021-08-17,空,,206,82,308,16821,移動停利,35.0,320,2021
2021-08-19,空,,232,93,347,16603,移動停利,263.0,2600,2021
2021-08-20,空,,229,92,344,16295,移動停利,91.0,880,2021
2021-08-23,多,,258,103,387,16471,移動停利,238.0,2350,2021
2021-08-25,多,,270,108,405,16827,移動停利,66.0,630,2021
2021-08-27,多,,280,112,420,16966,移動停利,232.0,2290,2021
2021-08-30,多,,280,112,419,17274,移動停利,12.0,90,2021
2021-08-31,空,,287,115,430,17270,移動停利,106.0,1030,2021
2021-09-01,多,,289,116,433,17411,移動停利,69.0,660,2021
2021-09-02,多,,288,115,432,17450,移動停利,37.0,340,2021
2021-09-03,多,,291,116,437,17455,移動停利,78.0,750,2021
2021-09-06,多,,282,113,423,17502,移動停利,74.0,710,2021
2021-09-07,空,,267,107,400,17481,移動停利,124.0,1210,2021
2021-09-08,空,,248,99,372,17383,尾盤出場,123.0,1200,2021
2021-09-10,多,,222,89,333,17332,移動停利,114.0,1110,2021
2021-09-13,空,,220,88,330,17427,移動停利,51.0,480,2021
2021-09-14,空,,216,86,324,17503,尾盤出場,41.0,380,2021
2021-09-15,空,是,212,85,318,17398,移動停利,98.0,950,2021
2021-09-16,空,,203,81,305,17324,尾盤出場,81.0,780,2021
2021-09-17,空,,207,83,310,17224,移動停利,39.0,360,2021
2021-09-22,空,,223,89,334,16799,移動停利,28.0,250,2021
2021-09-23,多,,229,92,344,17068,移動停利,42.0,390,2021
2021-09-24,多,,226,90,339,17205,移動停利,50.0,470,2021
2021-09-27,多,,218,87,327,17310,移動停利,14.0,110,2021
2021-09-29,空,,239,96,359,16884,移動停利,72.0,690,2021
2021-09-30,空,,239,96,359,16778,移動停利,54.0,510,2021
2021-10-01,空,,260,104,390,16743,移動停利,308.0,3050,2021
2021-10-04,空,,265,106,398,16580,移動停利,210.0,2070,2021
2021-10-05,空,,278,111,417,16164,停損,-111.0,-1140,2021
2021-10-06,空,,284,114,427,16452,移動停利,141.0,1380,2021
2021-10-07,多,,300,120,450,16586,移動停利,154.0,1510,2021
2021-10-08,空,,298,119,448,16714,尾盤出場,88.0,850,2021
2021-10-12,空,,306,123,460,16343,移動停利,38.0,350,2021
2021-10-13,空,,286,115,430,16511,移動停利,155.0,1520,2021
2021-10-14,空,,286,115,429,16480,尾盤出場,78.0,750,2021
2021-10-15,多,,300,120,450,16672,尾盤出場,107.0,1040,2021
2021-10-18,空,,303,121,454,16790,尾盤出場,73.0,700,2021
2021-10-19,多,,301,121,452,16826,移動停利,108.0,1050,2021
2021-10-20,空,是,281,112,422,16953,尾盤出場,71.0,680,2021
2021-10-21,多,,279,112,419,16903,移動停利,124.0,1210,2021
2021-10-22,空,,253,101,380,16836,移動停利,46.0,430,2021
2021-10-25,多,,245,98,368,16809,尾盤出場,78.0,750,2021
2021-10-26,多,,236,94,353,16990,移動停利,27.0,240,2021
2021-10-27,多,,231,92,346,16973,尾盤出場,94.0,910,2021
2021-10-28,多,,211,84,316,17030,移動停利,53.0,500,2021
2021-10-29,空,,214,86,321,17029,移動停利,151.0,1480,2021
2021-11-01,多,,203,81,304,17086,尾盤出場,-7.0,-100,2021
2021-11-02,多,,202,81,303,17185,移動停利,50.0,470,2021
2021-11-03,多,,192,77,287,17089,移動停利,18.0,150,2021
2021-11-04,空,,181,72,271,17242,尾盤出場,167.0,1640,2021
2021-11-05,多,,183,73,275,17170,尾盤出場,98.0,950,2021
2021-11-08,多,,179,72,269,17304,尾盤出場,120.0,1170,2021
2021-11-09,多,,183,73,274,17512,移動停利,49.0,460,2021
2021-11-10,多,,172,69,258,17568,尾盤出場,-13.0,-160,2021
2021-11-12,多,,171,68,256,17577,移動停利,41.0,380,2021
2021-11-15,多,,169,68,254,17649,移動停利,38.0,350,2021
2021-11-16,多,,162,65,243,17683,尾盤出場,13.0,100,2021
2021-11-17,多,是,160,64,240,17730,尾盤出場,-7.0,-100,2021
2021-11-18,多,,155,62,232,17797,移動停利,13.0,100,2021
2021-11-19,空,,151,60,227,17905,尾盤出場,53.0,500,2021
2021-11-22,多,,140,56,209,17836,移動停利,20.0,170,2021
2021-11-23,空,,148,59,221,17726,移動停利,44.0,410,2021
2021-11-24,多,,139,55,208,17647,尾盤出場,34.0,310,2021
2021-11-25,空,,132,53,198,17671,移動停利,51.0,480,2021
2021-11-26,空,,146,58,219,17450,移動停利,120.0,1170,2021
2021-11-30,多,,161,64,242,17438,移動停利,79.0,760,2021
2021-12-01,多,,170,68,255,17384,移動停利,213.0,2100,2021
2021-12-02,多,,173,69,259,17576,尾盤出場,124.0,1210,2021
2021-12-06,多,,180,72,271,17624,移動停利,92.0,890,2021
2021-12-07,空,,190,76,284,17662,移動停利,56.0,530,2021
2021-12-09,空,,193,77,289,17886,移動停利,54.0,510,2021
2021-12-13,空,,197,79,296,17892,尾盤出場,140.0,1370,2021
2021-12-14,空,,203,81,304,17668,移動停利,38.0,350,2021
2021-12-16,多,,190,76,286,17777,尾盤出場,23.0,200,2021
2021-12-17,多,,181,72,272,17738,尾盤出場,46.0,430,2021
2021-12-20,空,,181,72,271,17653,移動停利,69.0,660,2021
2021-12-21,多,,178,71,267,17680,移動停利,129.0,1260,2021
2021-12-23,多,,170,68,255,17948,移動停利,15.0,120,2021
2021-12-24,多,,162,65,242,18020,停損,-65.0,-680,2021
2021-12-27,多,,156,63,235,18002,尾盤出場,67.0,640,2021
2021-12-28,多,,153,61,229,18131,尾盤出場,75.0,720,2021
2021-12-29,多,,150,60,226,18227,尾盤出場,47.0,440,2021
2021-12-30,空,,147,59,221,18235,移動停利,38.0,350,2021
2022-01-03,多,,146,58,219,18334,停損,-58.0,-610,2022
2022-01-04,多,,150,60,226,18392,移動停利,85.0,820,2022
2022-01-05,空,,149,60,223,18454,尾盤出場,-30.0,-330,2022
2022-01-06,空,,153,61,230,18334,移動停利,76.0,730,2022
2022-01-07,空,,172,69,258,18431,停利,258.0,2550,2022
2022-01-10,多,,174,69,260,18100,尾盤出場,158.0,1550,2022
2022-01-11,空,,170,68,254,18199,移動停利,77.0,740,2022
2022-01-13,多,,172,69,259,18449,停損,-69.0,-720,2022
2022-01-14,空,,190,76,286,18483,移動停利,243.0,2400,2022
2022-01-17,多,,193,77,290,18462,尾盤出場,46.0,430,2022
2022-01-18,空,,200,80,300,18518,尾盤出場,169.0,1660,2022
2022-01-19,空,是,203,81,304,18237,尾盤出場,18.0,150,2022
2022-01-20,空,,209,84,314,18153,移動停利,52.0,490,2022
2022-01-21,空,,224,89,336,18004,移動停利,88.0,850,2022
2022-01-24,空,,225,90,338,17736,移動停利,13.0,100,2022
2022-01-25,空,,245,98,367,17720,移動停利,116.0,1130,2022
2022-01-26,空,,238,95,357,17622,尾盤出場,0.0,-30,2022
2022-02-07,多,,232,93,348,17806,移動停利,20.0,170,2022
2022-02-09,多,,227,91,341,18083,尾盤出場,78.0,750,2022
2022-02-10,多,,232,93,348,18240,尾盤出場,89.0,860,2022
2022-02-11,多,,235,94,352,18233,尾盤出場,40.0,370,2022
2022-02-14,空,,235,94,352,18072,尾盤出場,94.0,910,2022
2022-02-16,多,是,241,96,362,18202,尾盤出場,5.0,20,2022
2022-02-17,多,,243,97,364,18281,移動停利,24.0,210,2022
2022-02-18,多,,245,98,367,18080,移動停利,154.0,1510,2022
2022-02-21,多,,236,94,354,18080,尾盤出場,130.0,1270,2022
2022-02-22,空,,248,99,372,17980,移動停利,187.0,1840,2022
2022-02-23,多,,234,94,351,17963,尾盤出場,76.0,730,2022
2022-02-24,空,,262,105,392,17777,移動停利,144.0,1410,2022
2022-02-25,空,,255,102,383,17618,尾盤出場,7.0,40,2022
2022-03-01,多,,269,108,403,17788,移動停利,113.0,1100,2022
2022-03-02,多,,264,105,395,17826,移動停利,49.0,460,2022
2022-03-07,空,,295,118,442,17312,移動停利,222.0,2190,2022
2022-03-08,空,,306,122,459,16812,移動停利,42.0,390,2022
2022-03-10,多,,333,133,499,17312,移動停利,124.0,1210,2022
2022-03-11,空,,336,135,504,17324,尾盤出場,94.0,910,2022
2022-03-15,空,,327,131,490,17118,移動停利,230.0,2270,2022
2022-03-16,空,是,334,134,502,17041,移動停利,205.0,2020,2022
2022-03-17,多,,334,134,501,17374,移動停利,76.0,730,2022
2022-03-24,空,,305,122,458,17565,停損,-122.0,-1250,2022
2022-03-25,空,,271,108,406,17673,移動停利,62.0,590,2022
2022-03-28,空,,268,107,401,17407,移動停利,83.0,800,2022
2022-03-29,空,,254,102,382,17524,移動停利,20.0,170,2022
2022-03-30,多,,233,93,350,17708,移動停利,17.0,140,2022
2022-03-31,空,,225,90,337,17722,尾盤出場,91.0,880,2022
2022-04-01,多,,227,91,340,17478,尾盤出場,82.0,790,2022
2022-04-06,多,,216,86,324,17447,尾盤出場,56.0,530,2022
2022-04-07,空,,223,89,334,17303,尾盤出場,167.0,1640,2022
2022-04-08,多,,197,79,296,17217,尾盤出場,82.0,790,2022
2022-04-11,空,,210,84,316,17218,移動停利,222.0,2190,2022
2022-04-12,多,,209,84,313,16976,移動停利,53.0,500,2022
2022-04-13,多,,225,90,338,17145,尾盤出場,172.0,1690,2022
2022-04-15,空,,230,92,346,17065,尾盤出場,83.0,800,2022
2022-04-18,空,,234,93,351,16842,尾盤出場,-40.0,-430,2022
2022-04-19,多,,228,91,342,17075,移動停利,27.0,240,2022
2022-04-20,多,是,229,91,343,17078,尾盤出場,47.0,440,2022
2022-04-22,多,,234,94,351,16881,尾盤出場,108.0,1050,2022
2022-04-25,空,,252,101,379,16669,移動停利,139.0,1360,2022
2022-04-26,空,,245,98,368,16628,尾盤出場,41.0,380,2022
2022-04-28,空,,250,100,375,16291,移動停利,51.0,480,2022
2022-04-29,多,,243,97,365,16599,移動停利,16.0,130,2022
2022-05-03,空,,242,97,364,16483,移動停利,14.0,110,2022
2022-05-04,空,,228,91,342,16500,尾盤出場,-20.0,-230,2022
2022-05-06,空,,245,98,367,16291,尾盤出場,-64.0,-670,2022
2022-05-09,空,,256,102,384,16140,尾盤出場,111.0,1080,2022
2022-05-10,多,,261,105,392,15850,尾盤出場,187.0,1840,2022
2022-05-11,多,,262,105,393,15990,尾盤出場,13.0,100,2022
2022-05-12,空,,281,113,422,15788,尾盤出場,155.0,1520,2022
2022-05-13,多,,276,110,413,15810,尾盤出場,39.0,360,2022
2022-05-17,多,,258,103,387,15995,移動停利,67.0,640,2022
2022-05-18,多,是,245,98,368,16186,尾盤出場,115.0,1120,2022
2022-05-19,空,,266,106,398,15871,移動停利,31.0,280,2022
2022-05-20,多,,265,106,397,16077,移動停利,48.0,450,2022
2022-05-23,空,,267,107,401,16220,移動停利,124.0,1210,2022
2022-05-24,空,,276,110,414,16120,尾盤出場,193.0,1900,2022
2022-05-25,多,,273,109,410,16015,移動停利,43.0,400,2022
2022-05-26,空,,262,105,393,16152,移動停利,170.0,1670,2022
2022-05-27,多,,259,103,388,16139,尾盤出場,90.0,870,2022
2022-05-30,多,,261,105,392,16443,尾盤出場,117.0,1140,2022
2022-05-31,多,,269,108,403,16507,尾盤出場,172.0,1690,2022
2022-06-01,空,,252,101,378,16621,尾盤出場,14.0,110,2022
2022-06-02,多,,246,98,369,16553,移動停利,12.0,90,2022
2022-06-06,空,,245,98,368,16583,移動停利,100.0,970,2022
2022-06-07,空,,246,99,370,16482,移動停利,56.0,530,2022
2022-06-08,多,,246,98,368,16588,移動停利,85.0,820,2022
2022-06-09,多,,220,88,330,16576,尾盤出場,-4.0,-70,2022
2022-06-13,空,,240,96,361,16052,移動停利,39.0,360,2022
2022-06-14,多,,239,96,359,15974,尾盤出場,78.0,750,2022
2022-06-15,多,是,231,92,347,16065,移動停利,11.0,80,2022
2022-06-16,空,,262,105,392,15740,尾盤出場,337.0,3340,2022
2022-06-20,空,,254,101,380,15177,移動停利,144.0,1410,2022
2022-06-21,多,,258,103,388,15197,尾盤出場,147.0,1440,2022
2022-06-22,空,,272,109,408,15286,尾盤出場,269.0,2660,2022
2022-06-23,空,,286,114,429,15052,移動停利,106.0,1030,2022
2022-06-24,多,,288,115,431,15100,移動停利,18.0,150,2022
2022-06-27,多,,298,119,447,15249,移動停利,131.0,1280,2022
2022-06-28,空,,296,119,445,15258,移動停利,142.0,1390,2022
2022-06-30,空,,316,126,474,14883,移動停利,183.0,1800,2022
2022-07-01,空,,323,129,484,14636,停利,484.0,4810,2022
2022-07-04,空,,327,131,490,14175,移動停利,130.0,1270,2022
2022-07-05,空,,352,141,528,14345,移動停利,350.0,3470,2022
2022-07-06,空,,330,132,496,14160,尾盤出場,262.0,2590,2022
2022-07-07,空,,344,138,516,13987,移動停利,135.0,1320,2022
2022-07-11,空,,343,137,514,14416,尾盤出場,124.0,1210,2022
2022-07-12,空,,348,139,523,14103,移動停利,233.0,2300,2022
2022-07-13,多,,356,142,533,14258,移動停利,78.0,750,2022
2022-07-14,多,,364,145,545,14240,尾盤出場,143.0,1400,2022
2022-07-15,多,,354,142,531,14457,尾盤出場,21.0,180,2022
2022-07-18,多,,353,141,529,14580,尾盤出場,64.0,610,2022
2022-07-19,多,,349,140,524,14575,移動停利,102.0,990,2022
2022-07-20,空,是,337,135,505,14845,尾盤出場,133.0,1300,2022
2022-07-21,空,,310,124,465,14595,停損,-124.0,-1270,2022
2022-07-22,空,,298,119,447,14768,尾盤出場,11.0,80,2022
2022-07-25,多,,277,111,415,14763,尾盤出場,33.0,300,2022
2022-07-26,空,,260,104,390,14722,移動停利,51.0,480,2022
2022-07-27,空,,240,96,360,14669,移動停利,34.0,310,2022
2022-07-28,空,,230,92,344,14911,尾盤出場,77.0,740,2022
2022-07-29,空,,222,89,333,14927,移動停利,37.0,340,2022
2022-08-01,空,,201,80,302,14888,尾盤出場,16.0,130,2022
2022-08-02,空,,190,76,284,14702,尾盤出場,53.0,500,2022
2022-08-03,多,,177,71,265,14681,尾盤出場,-4.0,-70,2022
2022-08-04,多,,180,72,270,14690,移動停利,12.0,90,2022
2022-08-05,多,,192,77,289,14881,尾盤出場,129.0,1260,2022
2022-08-08,空,,189,76,284,14910,停損,-76.0,-790,2022
2022-08-09,多,,188,75,282,14914,移動停利,131.0,1280,2022
2022-08-11,多,,201,80,301,15162,尾盤出場,21.0,180,2022
2022-08-12,多,,199,79,298,15242,尾盤出場,32.0,290,2022
2022-08-15,多,,200,80,300,15373,移動停利,39.0,360,2022
2022-08-16,多,,191,77,287,15419,尾盤出場,13.0,100,2022
2022-08-17,多,是,184,74,276,15435,尾盤出場,17.0,140,2022
2022-08-19,多,,189,76,283,15312,尾盤出場,45.0,420,2022
2022-08-23,空,,184,74,276,15047,尾盤出場,20.0,170,2022
2022-08-24,空,,175,70,263,15077,移動停利,70.0,670,2022
2022-08-25,多,,163,65,244,15149,移動停利,56.0,530,2022
2022-08-26,多,,165,66,247,15300,停損,-66.0,-690,2022
2022-08-30,多,,183,73,275,14864,移動停利,110.0,1070,2022
2022-08-31,多,,180,72,270,14864,移動停利,54.0,510,2022
2022-09-01,空,,197,79,296,14738,移動停利,43.0,400,2022
2022-09-02,空,,200,80,300,14731,尾盤出場,133.0,1300,2022
2022-09-07,空,,223,89,334,14422,移動停利,71.0,680,2022
2022-09-08,多,,227,91,340,14474,尾盤出場,71.0,680,2022
2022-09-12,多,,233,93,349,14803,尾盤出場,-3.0,-60,2022
2022-09-19,空,,230,92,346,14536,尾盤出場,114.0,1110,2022
2022-09-20,多,,228,91,343,14550,尾盤出場,9.0,60,2022
2022-09-21,空,是,221,88,332,14476,尾盤出場,75.0,720,2022
2022-09-22,空,,217,87,326,14179,移動停利,71.0,680,2022
2022-09-23,空,,217,87,325,14188,移動停利,112.0,1090,2022
2022-09-26,空,,232,93,349,13913,移動停利,92.0,890,2022
2022-09-28,空,,230,92,345,13781,移動停利,275.0,2720,2022
2022-10-04,多,,225,90,338,13572,尾盤出場,22.0,190,2022
2022-10-05,多,,235,94,352,13760,移動停利,104.0,1010,2022
2022-10-07,空,,234,93,350,13755,尾盤出場,63.0,600,2022
2022-10-11,空,,266,107,399,13244,尾盤出場,154.0,1510,2022
2022-10-13,空,,264,105,395,13023,移動停利,151.0,1480,2022
2022-10-19,空,是,269,108,403,13083,移動停利,96.0,930,2022
2022-10-20,空,,278,111,418,12768,移動停利,86.0,830,2022
2022-10-21,空,,273,109,410,12900,移動停利,76.0,730,2022
2022-10-25,空,,279,111,418,12878,移動停利,206.0,2030,2022
2022-10-26,多,,270,108,405,12738,移動停利,75.0,720,2022
2022-10-27,多,,278,111,416,12917,移動停利,47.0,440,2022
2022-10-28,空,,279,112,419,12845,尾盤出場,76.0,730,2022
2022-10-31,多,,252,101,379,12907,移動停利,70.0,670,2022
2022-11-01,多,,252,101,378,12986,移動停利,89.0,860,2022
2022-11-02,多,,238,95,358,13047,移動停利,36.0,330,2022
2022-11-04,空,,217,87,325,12870,停損,-87.0,-900,2022
2022-11-07,多,,219,88,328,13175,移動停利,70.0,670,2022
2022-11-08,多,,216,87,325,13325,移動停利,45.0,420,2022
2022-11-09,多,,212,85,319,13467,尾盤出場,120.0,1170,2022
2022-11-10,空,,211,84,316,13518,尾盤出場,28.0,250,2022
2022-11-11,多,,230,92,345,14001,尾盤出場,48.0,450,2022
2022-11-15,多,,239,95,358,14267,移動停利,263.0,2600,2022
2022-11-16,空,是,235,94,353,14586,尾盤出場,86.0,830,2022
2022-11-17,空,,234,94,351,14445,移動停利,68.0,650,2022
2022-11-18,多,,235,94,352,14582,移動停利,79.0,760,2022
2022-11-22,多,,236,94,354,14475,移動停利,34.0,310,2022
2022-11-24,多,,230,92,344,14710,移動停利,59.0,560,2022
2022-11-25,空,,220,88,329,14743,尾盤出場,35.0,320,2022
2022-11-29,多,,225,90,337,14527,尾盤出場,129.0,1260,2022
2022-11-30,多,,231,92,346,14660,移動停利,57.0,540,2022
2022-12-05,多,,192,77,287,14925,移動停利,101.0,980,2022
2022-12-06,空,,196,78,294,14835,移動停利,29.0,260,2022
2022-12-08,空,,193,77,290,14537,移動停利,104.0,1010,2022
2022-12-09,多,,202,81,303,14639,移動停利,63.0,600,2022
2022-12-13,空,,210,84,315,14625,尾盤出場,102.0,990,2022
2022-12-14,多,,212,85,317,14635,移動停利,57.0,540,2022
2022-12-15,多,,215,86,322,14658,移動停利,34.0,310,2022
2022-12-20,空,,215,86,323,14363,尾盤出場,209.0,2060,2022
2022-12-21,空,是,201,81,302,14200,尾盤出場,-19.0,-220,2022
2022-12-22,多,,204,82,307,14329,尾盤出場,44.0,410,2022
2022-12-26,多,,196,79,295,14227,尾盤出場,16.0,130,2022
2022-12-27,多,,194,77,290,14344,移動停利,28.0,250,2022
2022-12-28,空,,195,78,293,14157,尾盤出場,44.0,410,2022
2022-12-29,多,,191,77,287,13993,尾盤出場,44.0,410,2022
2022-12-30,多,,188,75,283,14199,尾盤出場,-64.0,-670,2022
2023-01-03,空,,196,78,294,14027,移動停利,55.0,520,2023
2023-01-04,多,,187,75,281,14215,移動停利,36.0,330,2023
2023-01-05,空,,189,76,283,14318,移動停利,59.0,560,2023
2023-01-06,多,,177,71,265,14297,移動停利,86.0,830,2023
2023-01-09,多,,197,79,295,14638,尾盤出場,124.0,1210,2023
2023-01-10,多,,181,72,271,14786,尾盤出場,25.0,220,2023
2023-01-11,空,,182,73,273,14851,尾盤出場,57.0,540,2023
2023-01-12,空,,178,71,268,14822,移動停利,93.0,900,2023
2023-01-13,空,,178,71,267,14991,尾盤出場,152.0,1490,2023
2023-01-16,多,,186,74,279,14958,移動停利,26.0,230,2023
2023-01-17,空,,180,72,270,14911,尾盤出場,-18.0,-210,2023
2023-01-31,空,,210,84,315,15435,尾盤出場,167.0,1640,2023
2023-02-01,多,,206,83,310,15382,尾盤出場,2.0,-10,2023
2023-02-02,多,,201,80,301,15555,停損,-80.0,-830,2023
2023-02-06,空,,206,82,309,15451,尾盤出場,40.0,370,2023
2023-02-08,多,,190,76,285,15515,尾盤出場,85.0,820,2023
2023-02-09,多,,189,76,283,15554,尾盤出場,48.0,450,2023
2023-02-13,空,,186,74,278,15506,移動停利,55.0,520,2023
2023-02-14,多,,179,71,268,15648,尾盤出場,10.0,70,2023
2023-02-15,空,是,186,75,279,15458,尾盤出場,60.0,570,2023
2023-02-16,多,,196,78,294,15478,移動停利,81.0,780,2023
2023-02-17,空,,162,65,244,15422,移動停利,18.0,150,2023
2023-02-20,多,,162,65,243,15404,移動停利,131.0,1280,2023
2023-02-21,多,,158,63,237,15506,尾盤出場,22.0,190,2023
2023-02-23,多,,168,67,253,15489,移動停利,126.0,1230,2023
2023-02-24,空,,166,66,249,15624,尾盤出場,81.0,780,2023
2023-03-01,多,,176,71,264,15384,尾盤出場,162.0,1590,2023
2023-03-02,空,,173,69,260,15548,移動停利,93.0,900,2023
2023-03-03,多,,177,71,265,15648,尾盤出場,-30.0,-330,2023
2023-03-06,多,,186,74,279,15773,移動停利,41.0,380,2023
2023-03-07,多,,186,74,279,15790,尾盤出場,83.0,800,2023
2023-03-08,多,,186,75,280,15774,尾盤出場,12.0,90,2023
2023-03-09,空,,174,70,262,15841,尾盤出場,72.0,690,2023
2023-03-10,空,,183,73,274,15577,尾盤出場,96.0,930,2023
2023-03-13,空,,185,74,278,15444,移動停利,79.0,760,2023
2023-03-15,多,是,194,78,291,15485,移動停利,27.0,240,2023
2023-03-16,空,,196,79,294,15191,移動停利,21.0,180,2023
2023-03-17,多,,190,76,285,15325,尾盤出場,80.0,770,2023
2023-03-20,空,,188,75,281,15438,尾盤出場,67.0,640,2023
2023-03-21,多,,182,73,273,15474,移動停利,23.0,200,2023
2023-03-22,多,,188,75,282,15593,尾盤出場,113.0,1100,2023
2023-03-23,多,,192,77,288,15728,尾盤出場,106.0,1030,2023
2023-03-24,多,,185,74,278,15884,尾盤出場,39.0,360,2023
2023-03-27,多,,183,73,275,15884,尾盤出場,-52.0,-550,2023
2023-03-28,空,,185,74,278,15777,移動停利,96.0,930,2023
2023-03-29,多,,187,75,280,15745,移動停利,22.0,190,2023
2023-03-31,多,,169,68,254,15922,移動停利,23.0,200,2023
2023-04-11,多,,147,59,220,15878,移動停利,65.0,620,2023
2023-04-13,空,,143,57,214,15834,停損,-57.0,-600,2023
2023-04-14,多,,136,54,204,15888,移動停利,87.0,840,2023
2023-04-17,多,,130,52,195,15924,尾盤出場,47.0,440,2023
2023-04-18,空,,129,52,194,15928,尾盤出場,37.0,340,2023
2023-04-19,空,是,133,53,200,15891,移動停利,121.0,1180,2023
2023-04-20,空,,129,52,193,15711,停損,-52.0,-550,2023
2023-04-25,空,,142,57,213,15630,停利,213.0,2100,2023
2023-04-27,多,,140,56,211,15353,移動停利,88.0,850,2023
2023-04-28,多,,145,58,217,15532,移動停利,44.0,410,2023
2023-05-02,多,,144,57,215,15641,停損,-57.0,-600,2023
2023-05-04,多,,146,58,219,15520,尾盤出場,85.0,820,2023
2023-05-05,多,,142,57,212,15649,尾盤出場,-2.0,-50,2023
2023-05-08,多,,144,58,216,15763,停損,-58.0,-610,2023
2023-05-09,空,,143,57,214,15704,移動停利,32.0,290,2023
2023-05-10,空,,142,57,213,15678,移動停利,61.0,580,2023
2023-05-11,空,,145,58,218,15652,移動停利,98.0,950,2023
2023-05-15,多,,142,57,212,15450,尾盤出場,60.0,570,2023
2023-05-16,多,,136,54,204,15624,移動停利,79.0,760,2023
2023-05-17,多,是,149,60,224,15730,停利,224.0,2210,2023
2023-05-18,多,,147,59,221,16040,尾盤出場,21.0,180,2023
2023-05-22,多,,138,55,207,16134,尾盤出場,-17.0,-200,2023
2023-05-24,空,,139,56,208,16046,移動停利,21.0,180,2023
2023-05-26,多,,150,60,225,16380,尾盤出場,60.0,570,2023
2023-05-30,空,,153,61,229,16550,移動停利,15.0,120,2023
2023-05-31,多,,151,60,227,16583,停損,-60.0,-630,2023
2023-06-01,多,,148,59,222,16461,尾盤出場,10.0,70,2023
2023-06-02,多,,160,64,240,16597,移動停利,121.0,1180,2023
2023-06-05,空,,153,61,229,16691,尾盤出場,3.0,0,2023
2023-06-06,多,,140,56,210,16704,移動停利,23.0,200,2023
2023-06-07,多,,142,57,213,16802,尾盤出場,87.0,840,2023
2023-06-08,空,,151,60,227,16835,移動停利,148.0,1450,2023
2023-06-09,多,,158,63,238,16821,尾盤出場,63.0,600,2023
2023-06-13,多,,171,68,257,17122,移動停利,74.0,710,2023
2023-06-14,多,,167,67,250,17200,尾盤出場,2.0,-10,2023
2023-06-15,多,,159,64,239,17263,移動停利,27.0,240,2023
2023-06-16,空,,154,61,231,17286,移動停利,51.0,480,2023
2023-06-20,空,,157,63,235,17195,移動停利,69.0,660,2023
2023-06-21,多,是,157,63,236,17184,尾盤出場,45.0,420,2023
2023-06-27,空,,172,69,258,16780,移動停利,17.0,140,2023
2023-06-28,空,,172,69,257,16783,移動停利,51.0,480,2023
2023-06-29,多,,177,71,265,16925,停損,-71.0,-740,2023
2023-06-30,多,,172,69,258,16732,尾盤出場,47.0,440,2023
2023-07-03,多,,178,71,267,16928,移動停利,82.0,790,2023
2023-07-04,多,,180,72,271,17045,尾盤出場,59.0,560,2023
2023-07-05,空,,166,66,249,17073,移動停利,78.0,750,2023
2023-07-06,空,,183,73,274,16826,移動停利,133.0,1300,2023
2023-07-10,多,,190,76,285,16690,移動停利,27.0,240,2023
2023-07-11,多,,204,82,306,16777,移動停利,41.0,380,2023
2023-07-12,多,,201,80,302,16894,尾盤出場,25.0,220,2023
2023-07-13,多,,217,87,326,17148,停損,-87.0,-900,2023
2023-07-14,多,,204,82,306,17224,尾盤出場,66.0,630,2023
2023-07-18,空,,209,84,314,17302,移動停利,130.0,1270,2023
2023-07-19,空,是,209,84,314,17266,移動停利,61.0,580,2023
2023-07-20,多,,208,83,312,17061,尾盤出場,65.0,620,2023
2023-07-24,空,,214,86,321,16928,移動停利,42.0,390,2023
2023-07-25,多,,222,89,333,17110,移動停利,58.0,550,2023
2023-07-26,空,,207,83,311,17163,移動停利,57.0,540,2023
2023-07-27,多,,207,83,310,17235,尾盤出場,-11.0,-140,2023
2023-07-28,多,,205,82,307,17181,移動停利,98.0,950,2023
2023-07-31,空,,208,83,311,17392,停利,311.0,3080,2023
2023-08-01,空,,209,84,314,17158,移動停利,48.0,450,2023
2023-08-02,空,,212,85,319,17086,移動停利,211.0,2080,2023
2023-08-07,多,,213,85,320,16879,移動停利,123.0,1200,2023
2023-08-08,空,,216,86,324,16968,移動停利,191.0,1880,2023
2023-08-09,多,,210,84,316,16842,移動停利,73.0,700,2023
2023-08-10,空,,220,88,330,16757,移動停利,153.0,1500,2023
2023-08-11,空,,211,84,316,16693,移動停利,99.0,960,2023
2023-08-14,空,,222,89,333,16516,移動停利,190.0,1870,2023
2023-08-15,多,,216,87,325,16490,移動停利,30.0,270,2023
2023-08-17,多,,226,90,338,16268,尾盤出場,191.0,1880,2023
2023-08-18,多,,230,92,345,16430,移動停利,91.0,880,2023
2023-08-21,空,,214,86,321,16422,移動停利,74.0,710,2023
2023-08-22,空,,216,86,324,16480,尾盤出場,81.0,780,2023
2023-08-23,多,,201,80,301,16431,移動停利,72.0,690,2023
2023-08-25,空,,217,87,326,16547,尾盤出場,121.0,1180,2023
2023-08-29,空,,209,84,313,16559,移動停利,86.0,830,2023
2023-08-31,空,,197,79,296,16673,移動停利,29.0,260,2023
2023-09-04,多,,184,74,276,16666,尾盤出場,109.0,1060,2023
2023-09-05,多,,180,72,270,16737,尾盤出場,17.0,140,2023
2023-09-06,空,,167,67,250,16755,尾盤出場,41.0,380,2023
2023-09-07,空,,162,65,243,16576,尾盤出場,11.0,80,2023
2023-09-08,多,,159,64,239,16506,尾盤出場,58.0,550,2023
2023-09-11,空,,163,65,244,16547,移動停利,121.0,1180,2023
2023-09-12,空,,164,66,246,16451,移動停利,18.0,150,2023
2023-09-13,多,,156,62,234,16588,移動停利,37.0,340,2023
2023-09-14,多,,150,60,225,16706,尾盤出場,130.0,1270,2023
2023-09-15,多,,149,60,224,16862,尾盤出場,40.0,370,2023
2023-09-18,空,,151,60,226,16734,尾盤出場,15.0,120,2023
2023-09-19,空,,150,60,225,16680,尾盤出場,69.0,660,2023
2023-09-20,空,是,149,60,224,16584,尾盤出場,47.0,440,2023
2023-09-21,空,,158,63,237,16420,尾盤出場,108.0,1050,2023
2023-09-22,多,,158,63,237,16256,移動停利,79.0,760,2023
2023-09-25,多,,163,65,245,16382,移動停利,89.0,860,2023
2023-09-26,空,,170,68,255,16332,尾盤出場,28.0,250,2023
2023-09-27,多,,166,67,250,16275,尾盤出場,38.0,350,2023
2023-10-02,多,,171,68,256,16536,移動停利,43.0,400,2023
2023-10-03,多,,168,67,253,16508,移動停利,25.0,220,2023
2023-10-04,空,,178,71,266,16251,移動停利,67.0,640,2023
2023-10-05,多,,176,70,264,16320,尾盤出場,137.0,1340,2023
2023-10-06,多,,175,70,262,16533,尾盤出場,-4.0,-70,2023
2023-10-12,多,,182,73,272,16797,尾盤出場,49.0,460,2023
2023-10-16,空,,175,70,263,16641,移動停利,18.0,150,2023
2023-10-17,空,,174,70,261,16751,尾盤出場,100.0,970,2023
2023-10-18,空,是,180,72,270,16596,尾盤出場,171.0,1680,2023
2023-10-20,多,,183,73,275,16448,尾盤出場,-35.0,-380,2023
2023-10-23,空,,185,74,277,16334,尾盤出場,72.0,690,2023
2023-10-24,空,,182,73,272,16235,移動停利,67.0,640,2023
2023-10-26,空,,186,75,280,16082,尾盤出場,16.0,130,2023
2023-10-31,多,,177,71,265,16187,停損,-71.0,-740,2023
2023-11-02,多,,193,77,290,16290,尾盤出場,98.0,950,2023
2023-11-03,多,,192,77,288,16494,尾盤出場,22.0,190,2023
2023-11-06,多,,198,79,298,16683,移動停利,47.0,440,2023
2023-11-07,多,,188,75,283,16636,尾盤出場,73.0,700,2023
2023-11-09,多,,179,72,268,16728,移動停利,40.0,370,2023
2023-11-10,多,,177,71,265,16668,尾盤出場,59.0,560,2023
2023-11-17,多,,168,67,251,17185,移動停利,47.0,440,2023
2023-11-21,多,,167,67,250,17327,尾盤出場,75.0,720,2023
2023-11-23,空,,151,60,226,17259,移動停利,25.0,220,2023
2023-11-24,空,,140,56,209,17326,移動停利,41.0,380,2023
2023-11-27,空,,148,59,222,17236,尾盤出場,67.0,640,2023
2023-11-28,多,,156,63,235,17239,移動停利,143.0,1400,2023
2023-11-29,多,,159,64,239,17382,移動停利,48.0,450,2023
2023-11-30,空,,159,63,238,17383,移動停利,72.0,690,2023
2023-12-01,多,,154,61,230,17348,尾盤出場,79.0,760,2023
2023-12-05,空,,151,60,226,17280,移動停利,26.0,230,2023
2023-12-06,多,,153,61,230,17396,移動停利,37.0,340,2023
2023-12-07,空,,155,62,232,17302,移動停利,14.0,110,2023
2023-12-08,多,,159,64,239,17438,移動停利,12.0,90,2023
2023-12-14,多,,158,63,238,17655,移動停利,16.0,130,2023
2023-12-15,空,,151,60,226,17745,尾盤出場,69.0,660,2023
2023-12-19,空,,142,57,213,17587,移動停利,62.0,590,2023
2023-12-20,多,是,139,56,208,17631,尾盤出場,5.0,20,2023
2023-12-22,空,,138,55,208,17553,尾盤出場,-6.0,-90,2023
2023-12-26,多,,131,52,196,17655,尾盤出場,80.0,770,2023
2023-12-27,多,,132,53,198,17758,尾盤出場,100.0,970,2023
2023-12-28,多,,123,49,184,17870,尾盤出場,1.0,-20,2023
2023-12-29,多,,120,48,180,17864,移動停利,16.0,130,2023
